﻿{
    "ts":  "20250830_104346",
    "weekend_readiness":  "READY",
    "gates":  {
                  "logging":  "PASS",
                  "fill_rate":  "N/A",
                  "build":  "PASS",
                  "smoke":  "PASS",
                  "reconstruct":  "PASS"
              },
    "artifacts":  [
                      {
                          "name":  "build.log",
                          "path":  "D:\\OneDrive\\Tài liệu\\cAlgo\\Sources\\Robots\\BotG\\path_issues\\collect_20250830_104346\\build.log",
                          "size":  1578,
                          "mtimeUtc":  "2025-08-30T03:44:01.8971744Z",
                          "sha256":  "059F2BEB66661C25258F44B31C0510136FDA3A66632B149A420D7157274D173C"
                      },
                      {
                          "name":  "closed_trades_fifo.csv",
                          "path":  "D:\\OneDrive\\Tài liệu\\cAlgo\\Sources\\Robots\\BotG\\path_issues\\collect_20250830_104346\\closed_trades_fifo.csv",
                          "size":  41426,
                          "mtimeUtc":  "2025-08-30T03:46:02.3003027Z",
                          "sha256":  "9281307F30F63A7B00867B2D67466244B2E93A474A8CB2F364AD0B4C669A0D7A"
                      },
                      {
                          "name":  "fillrate_by_hour.png",
                          "path":  "D:\\OneDrive\\Tài liệu\\cAlgo\\Sources\\Robots\\BotG\\path_issues\\collect_20250830_104346\\fillrate_by_hour.png",
                          "size":  5316,
                          "mtimeUtc":  "2025-08-27T07:04:24.3343173Z",
                          "sha256":  "A38B26D2E99EE641B7A1D8F2F2DFD89519BDEE0F038BE6DEE9F71F7026C39A57"
                      },
                      {
                          "name":  "fillrate_hourly.csv",
                          "path":  "D:\\OneDrive\\Tài liệu\\cAlgo\\Sources\\Robots\\BotG\\path_issues\\collect_20250830_104346\\fillrate_hourly.csv",
                          "size":  103,
                          "mtimeUtc":  "2025-08-27T06:48:40.6523286Z",
                          "sha256":  "0BA2358871E1B28D95FE4435EC82ACE8BA42C79B762B20C6ED89943D99FDCA11"
                      },
                      {
                          "name":  "latency_percentiles.png",
                          "path":  "D:\\OneDrive\\Tài liệu\\cAlgo\\Sources\\Robots\\BotG\\path_issues\\collect_20250830_104346\\latency_percentiles.png",
                          "size":  5360,
                          "mtimeUtc":  "2025-08-27T07:04:24.3300403Z",
                          "sha256":  "B9BBD55294881EF9D522397ADB9E6AF829B016D575B0F39D77B06C09042CD4DA"
                      },
                      {
                          "name":  "orders.csv",
                          "path":  "D:\\OneDrive\\Tài liệu\\cAlgo\\Sources\\Robots\\BotG\\path_issues\\collect_20250830_104346\\orders.csv",
                          "size":  239794,
                          "mtimeUtc":  "2025-08-30T03:46:02.3003027Z",
                          "sha256":  "95BA8BE8DAAD2CA907640C4BE2A0D2E8BAD0A26D95D981FF1EA67864659FEF6C"
                      },
                      {
                          "name":  "orders_ascii.csv",
                          "path":  "D:\\OneDrive\\Tài liệu\\cAlgo\\Sources\\Robots\\BotG\\path_issues\\collect_20250830_104346\\orders_ascii.csv",
                          "size":  10927,
                          "mtimeUtc":  "2025-08-25T06:19:11.8005244Z",
                          "sha256":  "D68FEA28C52BD0DBE25A048959EE58C8EFE2818EEE1F6FCAB3E48C6EBD9D9EC1"
                      },
                      {
                          "name":  "risk_snapshots.csv",
                          "path":  "D:\\OneDrive\\Tài liệu\\cAlgo\\Sources\\Robots\\BotG\\path_issues\\collect_20250830_104346\\risk_snapshots.csv",
                          "size":  70,
                          "mtimeUtc":  "2025-08-30T03:44:05.0006111Z",
                          "sha256":  "C391F20B97B73D30B6E3D88DBBFAF0872C78CE500CD4AFE7AE29C6D76B317C90"
                      },
                      {
                          "name":  "slippage_hist.png",
                          "path":  "D:\\OneDrive\\Tài liệu\\cAlgo\\Sources\\Robots\\BotG\\path_issues\\collect_20250830_104346\\slippage_hist.png",
                          "size":  5176,
                          "mtimeUtc":  "2025-08-27T07:04:24.3097841Z",
                          "sha256":  "649ECC508286137060C2260915394948CFB7B7CBC2E543CE25AB1D8ABAC8629F"
                      },
                      {
                          "name":  "summary.json",
                          "path":  "D:\\OneDrive\\Tài liệu\\cAlgo\\Sources\\Robots\\BotG\\path_issues\\collect_20250830_104346\\summary.json",
                          "size":  1323,
                          "mtimeUtc":  "2025-08-30T03:46:03.2736532Z",
                          "sha256":  "E36C96E0F492A843CDDD1E2F4B78FC45A6E0921A21B6FCCA3E77469B8BE12359"
                      },
                      {
                          "name":  "telemetry.csv",
                          "path":  "D:\\OneDrive\\Tài liệu\\cAlgo\\Sources\\Robots\\BotG\\path_issues\\collect_20250830_104346\\telemetry.csv",
                          "size":  3127,
                          "mtimeUtc":  "2025-08-30T03:46:01.0240846Z",
                          "sha256":  "008FC3528A047FF2025669447C90D331D7E04939F55D09CAF6BC4D14C592B65C"
                      },
                      {
                          "name":  "telemetry_run_20250827_200336.zip",
                          "path":  "D:\\OneDrive\\Tài liệu\\cAlgo\\Sources\\Robots\\BotG\\path_issues\\collect_20250830_104346\\telemetry_run_20250827_200336.zip",
                          "size":  48901,
                          "mtimeUtc":  "2025-08-27T13:05:39.9629432Z",
                          "sha256":  "3F88D20B0AF48EC6A2FBBFC4C13F5D8FE238E608868E538476BEB52BF29DA6D1"
                      },
                      {
                          "name":  "telemetry_run_20250830_104358.zip",
                          "path":  "D:\\OneDrive\\Tài liệu\\cAlgo\\Sources\\Robots\\BotG\\path_issues\\collect_20250830_104346\\telemetry_run_20250830_104358.zip",
                          "size":  44946,
                          "mtimeUtc":  "2025-08-30T03:46:03.1685311Z",
                          "sha256":  "452289A0B68691A25B6B175E3D86ADBBD79F1EEE4B4268EE72ADF49F8D69A40F"
                      },
                      {
                          "name":  "top_slippage.csv",
                          "path":  "D:\\OneDrive\\Tài liệu\\cAlgo\\Sources\\Robots\\BotG\\path_issues\\collect_20250830_104346\\top_slippage.csv",
                          "size":  116,
                          "mtimeUtc":  "2025-08-27T06:48:40.6523286Z",
                          "sha256":  "D02A1184FB37B6301F3BC7EC76F1F307770E47B624C7CFD2832E2A8DB2C79550"
                      },
                      {
                          "name":  "trade_closes.log",
                          "path":  "D:\\OneDrive\\Tài liệu\\cAlgo\\Sources\\Robots\\BotG\\path_issues\\collect_20250830_104346\\trade_closes.log",
                          "size":  20966,
                          "mtimeUtc":  "2025-08-30T03:46:02.3003027Z",
                          "sha256":  "27D0E4D404B73DC3DB99D19E1D7778AB4ABB2186BF831D60EC823F7511F026B9"
                      }
                  ]
}
