phase,timestamp_iso,epoch_ms,orderId,intendedPrice,stopLoss,execPrice,theoretical_lots,theoretical_units,requestedVolume,filledSize,slippage,brokerMsg,client_order_id,side,action,type,status,reason,latency_ms,price_requested,price_filled,size_requested,size_filled,session,host
REQUEST,2025-08-23T03:43:32.8709042Z,1755920612870,ORD-0,100,99.95,,,,1,,,,ORD-0,Buy,BUY,Market,REQUEST,,,100,,1,,HARNESS,DESKTOP-584MV4B
ACK,2025-08-23T03:43:32.8738108Z,1755920612873,ORD-0,100,99.95,,,,1,,,,ORD-0,Buy,BUY,Market,ACK,,3,100,,1,,HARNESS,DESKTOP-584MV4B
FILL,2025-08-23T03:43:32.8748544Z,1755920612874,ORD-0,100,99.95,100.0005,,,1,1,0.0005000000000023874,filled,ORD-0,Buy,BUY,Market,FILL,filled,4,100,100.0005,1,1,HARNESS,DESKTOP-584MV4B
REQUEST,2025-08-23T03:43:33.0970492Z,1755920613097,ORD-15,100.15,,,,,1,,,,ORD-15,Sell,SELL,Market,REQUEST,,,100.15,,1,,HARNESS,DESKTOP-584MV4B
ACK,2025-08-23T03:43:33.0979546Z,1755920613097,ORD-15,100.15,,,,,1,,,,ORD-15,Sell,SELL,Market,ACK,,0,100.15,,1,,HARNESS,DESKTOP-584MV4B
FILL,2025-08-23T03:43:33.0984007Z,1755920613098,ORD-15,100.15,,100.1495,,,1,1,-0.0005000000000023874,filled,ORD-15,Sell,SELL,Market,FILL,filled,1,100.15,100.1495,1,1,HARNESS,DESKTOP-584MV4B
REQUEST,2025-08-23T03:43:33.3738675Z,1755920613373,ORD-30,100.3,100.25,,,,1,,,,ORD-30,Buy,BUY,Market,REQUEST,,,100.3,,1,,HARNESS,DESKTOP-584MV4B
ACK,2025-08-23T03:43:33.3748318Z,1755920613374,ORD-30,100.3,100.25,,,,1,,,,ORD-30,Buy,BUY,Market,ACK,,1,100.3,,1,,HARNESS,DESKTOP-584MV4B
FILL,2025-08-23T03:43:33.3756175Z,1755920613375,ORD-30,100.3,100.25,100.3005,,,1,1,0.0005000000000023874,filled,ORD-30,Buy,BUY,Market,FILL,filled,2,100.3,100.3005,1,1,HARNESS,DESKTOP-584MV4B
REQUEST,2025-08-23T03:43:33.5907136Z,1755920613590,ORD-45,100.45,,,,,1,,,,ORD-45,Sell,SELL,Market,REQUEST,,,100.45,,1,,HARNESS,DESKTOP-584MV4B
ACK,2025-08-23T03:43:33.5912710Z,1755920613591,ORD-45,100.45,,,,,1,,,,ORD-45,Sell,SELL,Market,ACK,,1,100.45,,1,,HARNESS,DESKTOP-584MV4B
FILL,2025-08-23T03:43:33.5915030Z,1755920613591,ORD-45,100.45,,100.4495,,,1,1,-0.0005000000000023874,filled,ORD-45,Sell,SELL,Market,FILL,filled,1,100.45,100.4495,1,1,HARNESS,DESKTOP-584MV4B
REQUEST,2025-08-23T03:43:33.8224372Z,1755920613822,ORD-60,100.6,100.55,,,,1,,,,ORD-60,Buy,BUY,Market,REQUEST,,,100.6,,1,,HARNESS,DESKTOP-584MV4B
ACK,2025-08-23T03:43:33.8231023Z,1755920613823,ORD-60,100.6,100.55,,,,1,,,,ORD-60,Buy,BUY,Market,ACK,,1,100.6,,1,,HARNESS,DESKTOP-584MV4B
FILL,2025-08-23T03:43:33.8235070Z,1755920613823,ORD-60,100.6,100.55,100.6005,,,1,1,0.0005000000000023874,filled,ORD-60,Buy,BUY,Market,FILL,filled,1,100.6,100.6005,1,1,HARNESS,DESKTOP-584MV4B
REQUEST,2025-08-23T03:43:34.0562501Z,1755920614056,ORD-75,100.75,,,,,1,,,,ORD-75,Sell,SELL,Market,REQUEST,,,100.75,,1,,HARNESS,DESKTOP-584MV4B
ACK,2025-08-23T03:43:34.0566397Z,1755920614056,ORD-75,100.75,,,,,1,,,,ORD-75,Sell,SELL,Market,ACK,,0,100.75,,1,,HARNESS,DESKTOP-584MV4B
FILL,2025-08-23T03:43:34.0568319Z,1755920614056,ORD-75,100.75,,100.7495,,,1,1,-0.0005000000000023874,filled,ORD-75,Sell,SELL,Market,FILL,filled,0,100.75,100.7495,1,1,HARNESS,DESKTOP-584MV4B
REQUEST,2025-08-23T03:43:34.3183789Z,1755920614318,ORD-90,100.9,100.85000000000001,,,,1,,,,ORD-90,Buy,BUY,Market,REQUEST,,,100.9,,1,,HARNESS,DESKTOP-584MV4B
ACK,2025-08-23T03:43:34.3188795Z,1755920614318,ORD-90,100.9,100.85000000000001,,,,1,,,,ORD-90,Buy,BUY,Market,ACK,,0,100.9,,1,,HARNESS,DESKTOP-584MV4B
FILL,2025-08-23T03:43:34.3191184Z,1755920614319,ORD-90,100.9,100.85000000000001,100.90050000000001,,,1,1,0.0005000000000023874,filled,ORD-90,Buy,BUY,Market,FILL,filled,1,100.9,100.90050000000001,1,1,HARNESS,DESKTOP-584MV4B
REQUEST,2025-08-23T03:43:34.5476917Z,1755920614547,ORD-105,101.05,,,,,1,,,,ORD-105,Sell,SELL,Market,REQUEST,,,101.05,,1,,HARNESS,DESKTOP-584MV4B
ACK,2025-08-23T03:43:34.5482920Z,1755920614548,ORD-105,101.05,,,,,1,,,,ORD-105,Sell,SELL,Market,ACK,,1,101.05,,1,,HARNESS,DESKTOP-584MV4B
FILL,2025-08-23T03:43:34.5486655Z,1755920614548,ORD-105,101.05,,101.0495,,,1,1,-0.0005000000000023874,filled,ORD-105,Sell,SELL,Market,FILL,filled,1,101.05,101.0495,1,1,HARNESS,DESKTOP-584MV4B
REQUEST,2025-08-23T03:43:34.8166125Z,1755920614816,ORD-120,101.2,101.15,,,,1,,,,ORD-120,Buy,BUY,Market,REQUEST,,,101.2,,1,,HARNESS,DESKTOP-584MV4B
ACK,2025-08-23T03:43:34.8170758Z,1755920614817,ORD-120,101.2,101.15,,,,1,,,,ORD-120,Buy,BUY,Market,ACK,,1,101.2,,1,,HARNESS,DESKTOP-584MV4B
FILL,2025-08-23T03:43:34.8172426Z,1755920614817,ORD-120,101.2,101.15,101.2005,,,1,1,0.0005000000000023874,filled,ORD-120,Buy,BUY,Market,FILL,filled,1,101.2,101.2005,1,1,HARNESS,DESKTOP-584MV4B
REQUEST,2025-08-23T03:43:35.0421816Z,1755920615042,ORD-135,101.35,,,,,1,,,,ORD-135,Sell,SELL,Market,REQUEST,,,101.35,,1,,HARNESS,DESKTOP-584MV4B
ACK,2025-08-23T03:43:35.0453499Z,1755920615045,ORD-135,101.35,,,,,1,,,,ORD-135,Sell,SELL,Market,ACK,,3,101.35,,1,,HARNESS,DESKTOP-584MV4B
FILL,2025-08-23T03:43:35.0455609Z,1755920615045,ORD-135,101.35,,101.34949999999999,,,1,1,-0.0005000000000023874,filled,ORD-135,Sell,SELL,Market,FILL,filled,3,101.35,101.34949999999999,1,1,HARNESS,DESKTOP-584MV4B
REQUEST,2025-08-23T03:43:35.3065545Z,1755920615306,ORD-150,101.5,101.45,,,,1,,,,ORD-150,Buy,BUY,Market,REQUEST,,,101.5,,1,,HARNESS,DESKTOP-584MV4B
ACK,2025-08-23T03:43:35.3069488Z,1755920615306,ORD-150,101.5,101.45,,,,1,,,,ORD-150,Buy,BUY,Market,ACK,,0,101.5,,1,,HARNESS,DESKTOP-584MV4B
FILL,2025-08-23T03:43:35.3072677Z,1755920615307,ORD-150,101.5,101.45,101.5005,,,1,1,0.0005000000000023874,filled,ORD-150,Buy,BUY,Market,FILL,filled,1,101.5,101.5005,1,1,HARNESS,DESKTOP-584MV4B
REQUEST,2025-08-23T03:43:35.5366148Z,1755920615536,ORD-165,101.65,,,,,1,,,,ORD-165,Sell,SELL,Market,REQUEST,,,101.65,,1,,HARNESS,DESKTOP-584MV4B
ACK,2025-08-23T03:43:35.5374170Z,1755920615537,ORD-165,101.65,,,,,1,,,,ORD-165,Sell,SELL,Market,ACK,,1,101.65,,1,,HARNESS,DESKTOP-584MV4B
FILL,2025-08-23T03:43:35.5379200Z,1755920615537,ORD-165,101.65,,101.6495,,,1,1,-0.0005000000000023874,filled,ORD-165,Sell,SELL,Market,FILL,filled,1,101.65,101.6495,1,1,HARNESS,DESKTOP-584MV4B
REQUEST,2025-08-23T03:43:35.7653352Z,1755920615765,ORD-180,101.8,101.75,,,,1,,,,ORD-180,Buy,BUY,Market,REQUEST,,,101.8,,1,,HARNESS,DESKTOP-584MV4B
ACK,2025-08-23T03:43:35.7657098Z,1755920615765,ORD-180,101.8,101.75,,,,1,,,,ORD-180,Buy,BUY,Market,ACK,,0,101.8,,1,,HARNESS,DESKTOP-584MV4B
FILL,2025-08-23T03:43:35.7658861Z,1755920615765,ORD-180,101.8,101.75,101.8005,,,1,1,0.0005000000000023874,filled,ORD-180,Buy,BUY,Market,FILL,filled,0,101.8,101.8005,1,1,HARNESS,DESKTOP-584MV4B
REQUEST,2025-08-23T03:43:35.9713932Z,1755920615971,ORD-195,101.95,,,,,1,,,,ORD-195,Sell,SELL,Market,REQUEST,,,101.95,,1,,HARNESS,DESKTOP-584MV4B
ACK,2025-08-23T03:43:35.9717547Z,1755920615971,ORD-195,101.95,,,,,1,,,,ORD-195,Sell,SELL,Market,ACK,,0,101.95,,1,,HARNESS,DESKTOP-584MV4B
FILL,2025-08-23T03:43:35.9719510Z,1755920615971,ORD-195,101.95,,101.9495,,,1,1,-0.0005000000000023874,filled,ORD-195,Sell,SELL,Market,FILL,filled,0,101.95,101.9495,1,1,HARNESS,DESKTOP-584MV4B
REQUEST,2025-08-23T03:43:36.2097892Z,1755920616209,ORD-210,102.1,102.05,,,,1,,,,ORD-210,Buy,BUY,Market,REQUEST,,,102.1,,1,,HARNESS,DESKTOP-584MV4B
ACK,2025-08-23T03:43:36.2101873Z,1755920616210,ORD-210,102.1,102.05,,,,1,,,,ORD-210,Buy,BUY,Market,ACK,,1,102.1,,1,,HARNESS,DESKTOP-584MV4B
FILL,2025-08-23T03:43:36.2104391Z,1755920616210,ORD-210,102.1,102.05,102.1005,,,1,1,0.0005000000000023874,filled,ORD-210,Buy,BUY,Market,FILL,filled,1,102.1,102.1005,1,1,HARNESS,DESKTOP-584MV4B
REQUEST,2025-08-23T03:43:36.4150720Z,1755920616415,ORD-225,102.25,,,,,1,,,,ORD-225,Sell,SELL,Market,REQUEST,,,102.25,,1,,HARNESS,DESKTOP-584MV4B
ACK,2025-08-23T03:43:36.4154322Z,1755920616415,ORD-225,102.25,,,,,1,,,,ORD-225,Sell,SELL,Market,ACK,,0,102.25,,1,,HARNESS,DESKTOP-584MV4B
FILL,2025-08-23T03:43:36.4156306Z,1755920616415,ORD-225,102.25,,102.2495,,,1,1,-0.0005000000000023874,filled,ORD-225,Sell,SELL,Market,FILL,filled,0,102.25,102.2495,1,1,HARNESS,DESKTOP-584MV4B
REQUEST,2025-08-23T03:43:36.6604599Z,1755920616660,ORD-240,102.4,102.35000000000001,,,,1,,,,ORD-240,Buy,BUY,Market,REQUEST,,,102.4,,1,,HARNESS,DESKTOP-584MV4B
ACK,2025-08-23T03:43:36.6609673Z,1755920616660,ORD-240,102.4,102.35000000000001,,,,1,,,,ORD-240,Buy,BUY,Market,ACK,,0,102.4,,1,,HARNESS,DESKTOP-584MV4B
FILL,2025-08-23T03:43:36.6612252Z,1755920616661,ORD-240,102.4,102.35000000000001,102.40050000000001,,,1,1,0.0005000000000023874,filled,ORD-240,Buy,BUY,Market,FILL,filled,1,102.4,102.40050000000001,1,1,HARNESS,DESKTOP-584MV4B
REQUEST,2025-08-23T03:43:36.8778562Z,1755920616877,ORD-255,102.55,,,,,1,,,,ORD-255,Sell,SELL,Market,REQUEST,,,102.55,,1,,HARNESS,DESKTOP-584MV4B
ACK,2025-08-23T03:43:36.8782500Z,1755920616878,ORD-255,102.55,,,,,1,,,,ORD-255,Sell,SELL,Market,ACK,,1,102.55,,1,,HARNESS,DESKTOP-584MV4B
FILL,2025-08-23T03:43:36.8785405Z,1755920616878,ORD-255,102.55,,102.5495,,,1,1,-0.0005000000000023874,filled,ORD-255,Sell,SELL,Market,FILL,filled,1,102.55,102.5495,1,1,HARNESS,DESKTOP-584MV4B
REQUEST,2025-08-23T03:43:37.1093595Z,1755920617109,ORD-270,102.7,102.65,,,,1,,,,ORD-270,Buy,BUY,Market,REQUEST,,,102.7,,1,,HARNESS,DESKTOP-584MV4B
ACK,2025-08-23T03:43:37.1098347Z,1755920617109,ORD-270,102.7,102.65,,,,1,,,,ORD-270,Buy,BUY,Market,ACK,,0,102.7,,1,,HARNESS,DESKTOP-584MV4B
FILL,2025-08-23T03:43:37.1101087Z,1755920617110,ORD-270,102.7,102.65,102.7005,,,1,1,0.0005000000000023874,filled,ORD-270,Buy,BUY,Market,FILL,filled,1,102.7,102.7005,1,1,HARNESS,DESKTOP-584MV4B
REQUEST,2025-08-23T03:43:37.3488315Z,1755920617348,ORD-285,102.85,,,,,1,,,,ORD-285,Sell,SELL,Market,REQUEST,,,102.85,,1,,HARNESS,DESKTOP-584MV4B
ACK,2025-08-23T03:43:37.3495231Z,1755920617349,ORD-285,102.85,,,,,1,,,,ORD-285,Sell,SELL,Market,ACK,,1,102.85,,1,,HARNESS,DESKTOP-584MV4B
FILL,2025-08-23T03:43:37.3499424Z,1755920617349,ORD-285,102.85,,102.84949999999999,,,1,1,-0.0005000000000023874,filled,ORD-285,Sell,SELL,Market,FILL,filled,1,102.85,102.84949999999999,1,1,HARNESS,DESKTOP-584MV4B
REQUEST,2025-08-23T03:43:37.5955304Z,1755920617595,ORD-300,103,102.95,,,,1,,,,ORD-300,Buy,BUY,Market,REQUEST,,,103,,1,,HARNESS,DESKTOP-584MV4B
ACK,2025-08-23T03:43:37.5964099Z,1755920617596,ORD-300,103,102.95,,,,1,,,,ORD-300,Buy,BUY,Market,ACK,,1,103,,1,,HARNESS,DESKTOP-584MV4B
FILL,2025-08-23T03:43:37.5975049Z,1755920617597,ORD-300,103,102.95,103.0005,,,1,1,0.0005000000000023874,filled,ORD-300,Buy,BUY,Market,FILL,filled,2,103,103.0005,1,1,HARNESS,DESKTOP-584MV4B
REQUEST,2025-08-23T03:43:37.8286011Z,1755920617828,ORD-315,103.15,,,,,1,,,,ORD-315,Sell,SELL,Market,REQUEST,,,103.15,,1,,HARNESS,DESKTOP-584MV4B
ACK,2025-08-23T03:43:37.8292959Z,1755920617829,ORD-315,103.15,,,,,1,,,,ORD-315,Sell,SELL,Market,ACK,,1,103.15,,1,,HARNESS,DESKTOP-584MV4B
FILL,2025-08-23T03:43:37.8297697Z,1755920617829,ORD-315,103.15,,103.1495,,,1,1,-0.0005000000000023874,filled,ORD-315,Sell,SELL,Market,FILL,filled,1,103.15,103.1495,1,1,HARNESS,DESKTOP-584MV4B
REQUEST,2025-08-23T03:43:38.0956822Z,1755920618095,ORD-330,103.3,103.25,,,,1,,,,ORD-330,Buy,BUY,Market,REQUEST,,,103.3,,1,,HARNESS,DESKTOP-584MV4B
ACK,2025-08-23T03:43:38.0967606Z,1755920618096,ORD-330,103.3,103.25,,,,1,,,,ORD-330,Buy,BUY,Market,ACK,,1,103.3,,1,,HARNESS,DESKTOP-584MV4B
FILL,2025-08-23T03:43:38.0972222Z,1755920618097,ORD-330,103.3,103.25,103.3005,,,1,1,0.0005000000000023874,filled,ORD-330,Buy,BUY,Market,FILL,filled,2,103.3,103.3005,1,1,HARNESS,DESKTOP-584MV4B
REQUEST,2025-08-23T03:43:38.3352635Z,1755920618335,ORD-345,103.45,,,,,1,,,,ORD-345,Sell,SELL,Market,REQUEST,,,103.45,,1,,HARNESS,DESKTOP-584MV4B
ACK,2025-08-23T03:43:38.3359041Z,1755920618335,ORD-345,103.45,,,,,1,,,,ORD-345,Sell,SELL,Market,ACK,,0,103.45,,1,,HARNESS,DESKTOP-584MV4B
FILL,2025-08-23T03:43:38.3363576Z,1755920618336,ORD-345,103.45,,103.4495,,,1,1,-0.0005000000000023874,filled,ORD-345,Sell,SELL,Market,FILL,filled,1,103.45,103.4495,1,1,HARNESS,DESKTOP-584MV4B
