{
  "start_time_iso": "2025-08-24T05:54:10.6052608Z",
  "run_id": "001bd3c5-1248-42c1-b8cc-822dc81aef6d",
  "start_time": "2025-08-24T05:54:10.6123151Z",
  "git_sha": "21937fc1ea4dd5088d7a54a802ee05a637e6485d",
  "DrainSeconds": 90,
  "SecondsPerHour": 300,
  "host": "DESKTOP-584MV4B",
  "FillProbability": 0.9,
  "git_commit": "21937fc1ea4dd5088d7a54a802ee05a637e6485d",
  "sim_seed": 42,
  "GracefulShutdownWaitSeconds": 10,
  "artifact_path": "C:\\Users\\TechCare\\AppData\\Local\\Temp\\botg_artifacts_orchestrator_retry_compressed_20250824_125409\\telemetry_run_20250824_125410",
  "config_snapshot": {
    "simulation": {
      "fill_probability": 0.9,
      "enabled": true
    },
    "config_path": "5",
    "drain_seconds": 90,
    "execution": {
      "fee_per_trade": 7,
      "fee_percent": 9,
      "spread_pips": 0
    },
    "seconds_per_hour": 300
  },
  "extra": {
    "sim_seed": 42,
    "seconds": null,
    "seconds_per_hour": 300,
    "drain_seconds": 30,
    "graceful_shutdown_wait_seconds": 5,
    "use_simulation": true,
    "fill_probability": 0.9
  }
}