{
    "host":  "DESKTOP-584MV4B",
    "artifact_path":  ".\\artifacts_ascii\\telemetry_run_20250823_095712",
    "start_time_iso":  "2025-08-23T02:57:12.2446306Z",
    "config_snapshot":  {
                            "simulation":  {
                                               "fill_probability":  0.9
                                           },
                            "config_path":  "",
                            "execution":  {
                                              "fee_per_trade":  0.02,
                                              "fee_percent":  0,
                                              "spread_pips":  0
                                          }
                        },
    "git_commit":  "131927052f2cfcc8a5879694f528e312bde409cf",
    "run_id":  "93e453c2-f752-488d-9154-27245ea473a9"
}