{
    "host":  "DESKTOP-584MV4B",
    "artifact_path":  ".\\artifacts_ascii\\telemetry_run_20250822_203710",
    "start_time_iso":  "2025-08-22T13:37:10.3385984Z",
    "config_snapshot":  {
                            "config_path":  "",
                            "simulation":  {
                                               "fill_probability":  1
                                           }
                        },
    "git_commit":  "966df128b61980c199225199f3bade0dc2744e72",
    "run_id":  "3aedf57c-60f7-4217-8581-e87f5df43816"
}