{
    "timestamp":  "2025-08-24T13:21:08",
    "results":  [
                    {
                        "max_drawdown":  68.5499999999829,
                        "retries":  3,
                        "reconcile_report":  {
                                                 "request_count":  1226,
                                                 "fill_count":  1105,
                                                 "closed_trades_count":  550,
                                                 "orphan_fills_count":  5,
                                                 "orphan_closes_count":  0,
                                                 "sample_orphan_fills":  [
                                                                             "ORD-18300",
                                                                             "ORD-18330",
                                                                             "ORD-18240",
                                                                             "ORD-18270",
                                                                             "ORD-18360"
                                                                         ],
                                                 "sample_orphan_closes":  {

                                                                          }
                                             },
                        "closed_trades_count":  550,
                        "fill_rate":  0.9013,
                        "orphan_before":  5,
                        "status":  "COMPLETED",
                        "total_pnl":  417.90000000002328,
                        "fills":  1105,
                        "orphan_after":  5,
                        "reconstruct_report":  {
                                                   "fills_total":  1105,
                                                   "closed_trades":  550,
                                                   "orphan_before":  1105,
                                                   "orphan_after":  5,
                                                   "estimated_orphan_fills_after_reconstruct":  5,
                                                   "matched_count":  1100,
                                                   "unmatched_ids":  [

                                                                     ],
                                                   "output":  "C:\\Users\\TechCare\\AppData\\Local\\Temp\\botg_artifacts_orchestrator_retry_compressed_20250824_131602\\telemetry_run_20250824_131603\\closed_trades_fifo_reconstructed.csv"
                                               },
                        "zip":  "D:\\OneDrive\\Tài liệu\\cAlgo\\Sources\\Robots\\BotG\\artifacts_ascii\\paper_run_compressed_fillprob_0_9_20250824_130043\\telemetry_run_20250824_131603\\telemetry_run_20250824_131603.zip",
                        "run_dir":  "D:\\OneDrive\\Tài liệu\\cAlgo\\Sources\\Robots\\BotG\\artifacts_ascii\\paper_run_compressed_fillprob_0_9_20250824_130043\\telemetry_run_20250824_131603",
                        "requests":  1226,
                        "run_metadata":  {
                                             "start_time_iso":  "2025-08-24T06:16:03.8456713Z",
                                             "run_id":  "d0a4f5b5-798e-4ccf-8593-10ec8e37428c",
                                             "start_time":  "2025-08-24T06:16:03.8456713Z",
                                             "git_sha":  "21937fc1ea4dd5088d7a54a802ee05a637e6485d",
                                             "DrainSeconds":  210,
                                             "SecondsPerHour":  300,
                                             "host":  "DESKTOP-584MV4B",
                                             "FillProbability":  0.9,
                                             "git_commit":  "21937fc1ea4dd5088d7a54a802ee05a637e6485d",
                                             "sim_seed":  42,
                                             "GracefulShutdownWaitSeconds":  20,
                                             "artifact_path":  "C:\\Users\\TechCare\\AppData\\Local\\Temp\\botg_artifacts_orchestrator_retry_compressed_20250824_131602\\telemetry_run_20250824_131603",
                                             "config_snapshot":  {
                                                                     "simulation":  {
                                                                                        "fill_probability":  0.9,
                                                                                        "enabled":  true
                                                                                    },
                                                                     "config_path":  "",
                                                                     "drain_seconds":  210,
                                                                     "execution":  {
                                                                                       "fee_per_trade":  0,
                                                                                       "fee_percent":  0,
                                                                                       "spread_pips":  0
                                                                                   },
                                                                     "seconds_per_hour":  300
                                                                 },
                                             "extra":  {
                                                           "sim_seed":  42,
                                                           "seconds":  null,
                                                           "seconds_per_hour":  300,
                                                           "drain_seconds":  30,
                                                           "graceful_shutdown_wait_seconds":  5,
                                                           "use_simulation":  true,
                                                           "fill_probability":  0.9
                                                       }
                                         },
                        "name":  "compressed",
                        "base_out":  "D:\\OneDrive\\Tài liệu\\cAlgo\\Sources\\Robots\\BotG\\artifacts_ascii\\paper_run_compressed_fillprob_0_9_20250824_130043"
                    }
                ]
}