{
    "timestamp":  "2025-08-24T12:44:41",
    "results":  [
                    {
                        "max_drawdown":  68.5499999999829,
                        "retries":  1,
                        "reconcile_report":  {
                                                 "request_count":  1208,
                                                 "fill_count":  1089,
                                                 "closed_trades_count":  543,
                                                 "orphan_fills_count":  3,
                                                 "orphan_closes_count":  0,
                                                 "sample_orphan_fills":  [
                                                                             "ORD-18090",
                                                                             "ORD-18000",
                                                                             "ORD-18060"
                                                                         ],
                                                 "sample_orphan_closes":  {

                                                                          }
                                             },
                        "closed_trades_count":  543,
                        "fill_rate":  0.9015,
                        "orphan_before":  3,
                        "status":  "COMPLETED",
                        "total_pnl":  408.7500000000237,
                        "fills":  1089,
                        "orphan_after":  3,
                        "reconstruct_report":  {
                                                   "fills_total":  1089,
                                                   "closed_trades":  543,
                                                   "orphan_before":  1089,
                                                   "orphan_after":  3,
                                                   "estimated_orphan_fills_after_reconstruct":  3,
                                                   "matched_count":  1086,
                                                   "unmatched_ids":  [

                                                                     ],
                                                   "output":  "C:\\Users\\TechCare\\AppData\\Local\\Temp\\botg_artifacts_orchestrator_retry_compressed_20250824_123936\\telemetry_run_20250824_123937\\closed_trades_fifo_reconstructed.csv"
                                               },
                        "zip":  "D:\\OneDrive\\Tài liệu\\cAlgo\\Sources\\Robots\\BotG\\artifacts_ascii\\paper_run_compressed_fillprob_0_9_20250824_123425\\telemetry_run_20250824_123937\\telemetry_run_20250824_123937.zip",
                        "run_dir":  "D:\\OneDrive\\Tài liệu\\cAlgo\\Sources\\Robots\\BotG\\artifacts_ascii\\paper_run_compressed_fillprob_0_9_20250824_123425\\telemetry_run_20250824_123937",
                        "requests":  1208,
                        "run_metadata":  {
                                             "start_time_iso":  "2025-08-24T05:39:37.9092882Z",
                                             "run_id":  "65a76368-f6eb-4b3d-8c64-9ac8686573dd",
                                             "start_time":  "2025-08-24T05:39:37.9106386Z",
                                             "git_sha":  "21937fc1ea4dd5088d7a54a802ee05a637e6485d",
                                             "DrainSeconds":  90,
                                             "SecondsPerHour":  300,
                                             "host":  "DESKTOP-584MV4B",
                                             "FillProbability":  0.9,
                                             "git_commit":  "21937fc1ea4dd5088d7a54a802ee05a637e6485d",
                                             "sim_seed":  42,
                                             "GracefulShutdownWaitSeconds":  10,
                                             "artifact_path":  "C:\\Users\\TechCare\\AppData\\Local\\Temp\\botg_artifacts_orchestrator_retry_compressed_20250824_123936\\telemetry_run_20250824_123937",
                                             "config_snapshot":  {
                                                                     "simulation":  {
                                                                                        "fill_probability":  0.9,
                                                                                        "enabled":  true
                                                                                    },
                                                                     "config_path":  "",
                                                                     "drain_seconds":  90,
                                                                     "execution":  {
                                                                                       "fee_per_trade":  0,
                                                                                       "fee_percent":  0,
                                                                                       "spread_pips":  0
                                                                                   },
                                                                     "seconds_per_hour":  300
                                                                 },
                                             "extra":  {
                                                           "sim_seed":  42,
                                                           "seconds":  null,
                                                           "seconds_per_hour":  300,
                                                           "drain_seconds":  30,
                                                           "graceful_shutdown_wait_seconds":  5,
                                                           "use_simulation":  true,
                                                           "fill_probability":  0.9
                                                       }
                                         },
                        "name":  "compressed",
                        "base_out":  "D:\\OneDrive\\Tài liệu\\cAlgo\\Sources\\Robots\\BotG\\artifacts_ascii\\paper_run_compressed_fillprob_0_9_20250824_123425"
                    }
                ]
}