[
  {
    "orderId": "ORD-5253525",
    "entry": 52635.25,
    "stopLoss": null,
    "stopDistance": 52635.25,
    "equity_used": 10000,
    "theoretical_lots": 0.01,
    "theoretical_units": 1,
    "requestedSize": 1,
    "filledSize": 1,
    "slippage": -0.0005000000019208528
  },
  {
    "orderId": "ORD-5253540",
    "entry": 52635.4,
    "stopLoss": 52635.35,
    "stopDistance": 0.05000000000291038,
    "equity_used": 10000,
    "theoretical_lots": 10,
    "theoretical_units": 1000,
    "requestedSize": 1,
    "filledSize": 1,
    "slippage": 0.0005000000019208528
  },
  {
    "orderId": "ORD-5253555",
    "entry": 52635.55,
    "stopLoss": null,
    "stopDistance": 52635.55,
    "equity_used": 10000,
    "theoretical_lots": 0.01,
    "theoretical_units": 1,
    "requestedSize": 1,
    "filledSize": 1,
    "slippage": -0.0005000000019208528
  }
]