{
  "run_id": "gate24h_20251006_190602",
  "start_time_iso": "2025-10-06T12:06:10.6190762Z",
  "host": "DESKTOP-584MV4B",
  "git_commit": "",
  "config_snapshot": {
    "simulation": {
      "enabled": false,
      "fill_probability": 1,
      "simulate_partial_fills": false
    },
    "execution": {
      "fee_per_trade": 0,
      "fee_percent": 0,
      "spread_pips": 0
    },
    "log_path": "D:\\botg\\runs\\gate24h_20251006_190602",
    "hours": 1,
    "seconds_per_hour": 3600,
    "drain_seconds": 30,
    "graceful_shutdown_wait_seconds": 5
  },
  "log_paths": {
    "run": "D:\\botg\\runs\\gate24h_20251006_190602",
    "base_log": "D:\\botg\\runs\\gate24h_20251006_190602"
  },
  "extra": {
    "sim_seed": 42,
    "seconds": null,
    "seconds_per_hour": 3600,
    "drain_seconds": 30,
    "graceful_shutdown_wait_seconds": 5,
    "use_simulation": false,
    "fill_probability": 1
  },
  "drain_metrics": {
    "pending_requests_before_drain": 0,
    "pending_after_drain": 0
  }
}