﻿{
    "disk_info":  {
                      "total_gb":  236.96,
                      "percent_free":  92.6,
                      "free_gb":  219.33
                  },
    "timestamp":  "2025-09-02T14:34:11Z",
    "versions":  {
                     "powershell":  "5.1.26100.4652",
                     "dotnet":  "9.0.304",
                     "python":  "Python 3.13.5"
                 },
    "log_path_permissions":  {
                                 "writable":  true,
                                 "path_exists":  true,
                                 "readable":  true
                             },
    "sentinel_check":  {
                           "run_pause_check":  true,
                           "run_stop_check":  true,
                           "script_exists":  true
                       },
    "computer_name":  "DESKTOP-584MV4B",
    "user_name":  "TechCare",
    "environment":  {
                        "BOTG_ROOT":  "C:\\botg",
                        "BOTG_LOG_PATH":  "D:\\botg\\logs"
                    }
}
