﻿{
    "ts":  "20250830_104108",
    "weekend_readiness":  "INVESTIGATE",
    "gates":  {
                  "logging":  "PASS",
                  "fill_rate":  "N/A",
                  "build":  "PASS",
                  "smoke":  "FAIL",
                  "reconstruct":  "PASS"
              },
    "artifacts":  [
                      {
                          "name":  "build.log",
                          "path":  "D:\\OneDrive\\Tài liệu\\cAlgo\\Sources\\Robots\\BotG\\path_issues\\collect_20250830_104108\\build.log",
                          "size":  1578,
                          "mtimeUtc":  "2025-08-30T03:41:32.2695599Z",
                          "sha256":  "059F2BEB66661C25258F44B31C0510136FDA3A66632B149A420D7157274D173C"
                      },
                      {
                          "name":  "closed_trades_fifo.csv",
                          "path":  "D:\\OneDrive\\Tài liệu\\cAlgo\\Sources\\Robots\\BotG\\path_issues\\collect_20250830_104108\\closed_trades_fifo.csv",
                          "size":  42474,
                          "mtimeUtc":  "2025-08-30T03:43:32.5517834Z",
                          "sha256":  "72A26E68DB956549074620EA5DE861C6F03D9723E95041EEE0B3D2E8D7D7E788"
                      },
                      {
                          "name":  "fillrate_by_hour.png",
                          "path":  "D:\\OneDrive\\Tài liệu\\cAlgo\\Sources\\Robots\\BotG\\path_issues\\collect_20250830_104108\\fillrate_by_hour.png",
                          "size":  5316,
                          "mtimeUtc":  "2025-08-27T07:04:24.3343173Z",
                          "sha256":  "A38B26D2E99EE641B7A1D8F2F2DFD89519BDEE0F038BE6DEE9F71F7026C39A57"
                      },
                      {
                          "name":  "fillrate_hourly.csv",
                          "path":  "D:\\OneDrive\\Tài liệu\\cAlgo\\Sources\\Robots\\BotG\\path_issues\\collect_20250830_104108\\fillrate_hourly.csv",
                          "size":  103,
                          "mtimeUtc":  "2025-08-27T06:48:40.6523286Z",
                          "sha256":  "0BA2358871E1B28D95FE4435EC82ACE8BA42C79B762B20C6ED89943D99FDCA11"
                      },
                      {
                          "name":  "latency_percentiles.png",
                          "path":  "D:\\OneDrive\\Tài liệu\\cAlgo\\Sources\\Robots\\BotG\\path_issues\\collect_20250830_104108\\latency_percentiles.png",
                          "size":  5360,
                          "mtimeUtc":  "2025-08-27T07:04:24.3300403Z",
                          "sha256":  "B9BBD55294881EF9D522397ADB9E6AF829B016D575B0F39D77B06C09042CD4DA"
                      },
                      {
                          "name":  "orders.csv",
                          "path":  "D:\\OneDrive\\Tài liệu\\cAlgo\\Sources\\Robots\\BotG\\path_issues\\collect_20250830_104108\\orders.csv",
                          "size":  245891,
                          "mtimeUtc":  "2025-08-30T03:43:32.5517834Z",
                          "sha256":  "3EFC8FFC50AC0A98727DB22D56ADFE9A1FB2B615282F4E1B107979AC02F24567"
                      },
                      {
                          "name":  "orders_ascii.csv",
                          "path":  "D:\\OneDrive\\Tài liệu\\cAlgo\\Sources\\Robots\\BotG\\path_issues\\collect_20250830_104108\\orders_ascii.csv",
                          "size":  10927,
                          "mtimeUtc":  "2025-08-25T06:19:11.8005244Z",
                          "sha256":  "D68FEA28C52BD0DBE25A048959EE58C8EFE2818EEE1F6FCAB3E48C6EBD9D9EC1"
                      },
                      {
                          "name":  "risk_snapshots.csv",
                          "path":  "D:\\OneDrive\\Tài liệu\\cAlgo\\Sources\\Robots\\BotG\\path_issues\\collect_20250830_104108\\risk_snapshots.csv",
                          "size":  70,
                          "mtimeUtc":  "2025-08-30T03:41:35.2138003Z",
                          "sha256":  "C391F20B97B73D30B6E3D88DBBFAF0872C78CE500CD4AFE7AE29C6D76B317C90"
                      },
                      {
                          "name":  "slippage_hist.png",
                          "path":  "D:\\OneDrive\\Tài liệu\\cAlgo\\Sources\\Robots\\BotG\\path_issues\\collect_20250830_104108\\slippage_hist.png",
                          "size":  5176,
                          "mtimeUtc":  "2025-08-27T07:04:24.3097841Z",
                          "sha256":  "649ECC508286137060C2260915394948CFB7B7CBC2E543CE25AB1D8ABAC8629F"
                      },
                      {
                          "name":  "summary.json",
                          "path":  "D:\\OneDrive\\Tài liệu\\cAlgo\\Sources\\Robots\\BotG\\path_issues\\collect_20250830_104108\\summary.json",
                          "size":  1323,
                          "mtimeUtc":  "2025-08-30T03:43:33.5587056Z",
                          "sha256":  "3CD690335F852E7CB71617E78C99DCF8CF12DD23A0CC15035D4573B4A63F1516"
                      },
                      {
                          "name":  "telemetry.csv",
                          "path":  "D:\\OneDrive\\Tài liệu\\cAlgo\\Sources\\Robots\\BotG\\path_issues\\collect_20250830_104108\\telemetry.csv",
                          "size":  3201,
                          "mtimeUtc":  "2025-08-30T03:43:31.2203987Z",
                          "sha256":  "7DBC4EC4E2141C1CC8680D0961F02008F730C97231AB76BF5D868D0AF6968ADF"
                      },
                      {
                          "name":  "telemetry_run_20250827_200336.zip",
                          "path":  "D:\\OneDrive\\Tài liệu\\cAlgo\\Sources\\Robots\\BotG\\path_issues\\collect_20250830_104108\\telemetry_run_20250827_200336.zip",
                          "size":  48901,
                          "mtimeUtc":  "2025-08-27T13:05:39.9629432Z",
                          "sha256":  "3F88D20B0AF48EC6A2FBBFC4C13F5D8FE238E608868E538476BEB52BF29DA6D1"
                      },
                      {
                          "name":  "telemetry_run_20250830_104129.zip",
                          "path":  "D:\\OneDrive\\Tài liệu\\cAlgo\\Sources\\Robots\\BotG\\path_issues\\collect_20250830_104108\\telemetry_run_20250830_104129.zip",
                          "size":  46002,
                          "mtimeUtc":  "2025-08-30T03:43:33.4799183Z",
                          "sha256":  "987E68E28EC238D0413A3A18E2B6C271A26BCCD97A9D8EA0BBB6B8779C217C55"
                      },
                      {
                          "name":  "top_slippage.csv",
                          "path":  "D:\\OneDrive\\Tài liệu\\cAlgo\\Sources\\Robots\\BotG\\path_issues\\collect_20250830_104108\\top_slippage.csv",
                          "size":  116,
                          "mtimeUtc":  "2025-08-27T06:48:40.6523286Z",
                          "sha256":  "D02A1184FB37B6301F3BC7EC76F1F307770E47B624C7CFD2832E2A8DB2C79550"
                      },
                      {
                          "name":  "trade_closes.log",
                          "path":  "D:\\OneDrive\\Tài liệu\\cAlgo\\Sources\\Robots\\BotG\\path_issues\\collect_20250830_104108\\trade_closes.log",
                          "size":  21492,
                          "mtimeUtc":  "2025-08-30T03:43:32.5537898Z",
                          "sha256":  "CBD0B204B15F1EFE3BC20B6621FE7296B4820AEE68E08EC640E69A47FCD835A5"
                      }
                  ]
}
