﻿[
    {
        "name":  "build.log",
        "path":  "D:\\OneDrive\\Tài liệu\\cAlgo\\Sources\\Robots\\BotG\\path_issues\\collect_20250830_110506\\build.log",
        "size":  1578,
        "mtimeUtc":  "2025-08-30T04:05:18.7339858Z",
        "sha256":  "059F2BEB66661C25258F44B31C0510136FDA3A66632B149A420D7157274D173C"
    },
    {
        "name":  "closed_trades_fifo.csv",
        "path":  "D:\\OneDrive\\Tài liệu\\cAlgo\\Sources\\Robots\\BotG\\path_issues\\collect_20250830_110506\\closed_trades_fifo.csv",
        "size":  41603,
        "mtimeUtc":  "2025-08-30T04:07:18.9430300Z",
        "sha256":  "72E1D0406C7FDAC182D916BF350D7150107B495D916CF5277CF413B62D32A3D7"
    },
    {
        "name":  "fillrate_by_hour.png",
        "path":  "D:\\OneDrive\\Tài liệu\\cAlgo\\Sources\\Robots\\BotG\\path_issues\\collect_20250830_110506\\fillrate_by_hour.png",
        "size":  5316,
        "mtimeUtc":  "2025-08-27T07:04:24.3343173Z",
        "sha256":  "A38B26D2E99EE641B7A1D8F2F2DFD89519BDEE0F038BE6DEE9F71F7026C39A57"
    },
    {
        "name":  "fillrate_hourly.csv",
        "path":  "D:\\OneDrive\\Tài liệu\\cAlgo\\Sources\\Robots\\BotG\\path_issues\\collect_20250830_110506\\fillrate_hourly.csv",
        "size":  103,
        "mtimeUtc":  "2025-08-27T06:48:40.6523286Z",
        "sha256":  "0BA2358871E1B28D95FE4435EC82ACE8BA42C79B762B20C6ED89943D99FDCA11"
    },
    {
        "name":  "latency_percentiles.png",
        "path":  "D:\\OneDrive\\Tài liệu\\cAlgo\\Sources\\Robots\\BotG\\path_issues\\collect_20250830_110506\\latency_percentiles.png",
        "size":  5360,
        "mtimeUtc":  "2025-08-27T07:04:24.3300403Z",
        "sha256":  "B9BBD55294881EF9D522397ADB9E6AF829B016D575B0F39D77B06C09042CD4DA"
    },
    {
        "name":  "orders.csv",
        "path":  "D:\\OneDrive\\Tài liệu\\cAlgo\\Sources\\Robots\\BotG\\path_issues\\collect_20250830_110506\\orders.csv",
        "size":  241265,
        "mtimeUtc":  "2025-08-30T04:07:19.1765828Z",
        "sha256":  "1DD3D5A3013F7B8EAEE3E3E32518ABBB15E916B948B4273A82ECB67D949C45CD"
    },
    {
        "name":  "orders_ascii.csv",
        "path":  "D:\\OneDrive\\Tài liệu\\cAlgo\\Sources\\Robots\\BotG\\path_issues\\collect_20250830_110506\\orders_ascii.csv",
        "size":  10927,
        "mtimeUtc":  "2025-08-25T06:19:11.8005244Z",
        "sha256":  "D68FEA28C52BD0DBE25A048959EE58C8EFE2818EEE1F6FCAB3E48C6EBD9D9EC1"
    },
    {
        "name":  "risk_snapshots.csv",
        "path":  "D:\\OneDrive\\Tài liệu\\cAlgo\\Sources\\Robots\\BotG\\path_issues\\collect_20250830_110506\\risk_snapshots.csv",
        "size":  70,
        "mtimeUtc":  "2025-08-30T04:05:21.6188042Z",
        "sha256":  "C391F20B97B73D30B6E3D88DBBFAF0872C78CE500CD4AFE7AE29C6D76B317C90"
    },
    {
        "name":  "slippage_hist.png",
        "path":  "D:\\OneDrive\\Tài liệu\\cAlgo\\Sources\\Robots\\BotG\\path_issues\\collect_20250830_110506\\slippage_hist.png",
        "size":  5176,
        "mtimeUtc":  "2025-08-27T07:04:24.3097841Z",
        "sha256":  "649ECC508286137060C2260915394948CFB7B7CBC2E543CE25AB1D8ABAC8629F"
    },
    {
        "name":  "summary.json",
        "path":  "D:\\OneDrive\\Tài liệu\\cAlgo\\Sources\\Robots\\BotG\\path_issues\\collect_20250830_110506\\summary.json",
        "size":  1323,
        "mtimeUtc":  "2025-08-30T04:07:20.1914522Z",
        "sha256":  "51A3CA06AC8CED410CB632C15FDA1E645705533862484837BA0F7F9B0E369B36"
    },
    {
        "name":  "telemetry.csv",
        "path":  "D:\\OneDrive\\Tài liệu\\cAlgo\\Sources\\Robots\\BotG\\path_issues\\collect_20250830_110506\\telemetry.csv",
        "size":  3218,
        "mtimeUtc":  "2025-08-30T04:07:17.6330929Z",
        "sha256":  "32C13A7FACB133E0CCA76D12D20FF3359BB047A92B41EF32559F7AA12D2F12A3"
    },
    {
        "name":  "telemetry_run_20250827_200336.zip",
        "path":  "D:\\OneDrive\\Tài liệu\\cAlgo\\Sources\\Robots\\BotG\\path_issues\\collect_20250830_110506\\telemetry_run_20250827_200336.zip",
        "size":  48901,
        "mtimeUtc":  "2025-08-27T13:05:39.9629432Z",
        "sha256":  "3F88D20B0AF48EC6A2FBBFC4C13F5D8FE238E608868E538476BEB52BF29DA6D1"
    },
    {
        "name":  "telemetry_run_20250830_110515.zip",
        "path":  "D:\\OneDrive\\Tài liệu\\cAlgo\\Sources\\Robots\\BotG\\path_issues\\collect_20250830_110506\\telemetry_run_20250830_110515.zip",
        "size":  45145,
        "mtimeUtc":  "2025-08-30T04:07:20.0874469Z",
        "sha256":  "BEBB22B4B8DB632A35D07BE48AD50B7323802167527136ACBCBE1CA578AA3B46"
    },
    {
        "name":  "top_slippage.csv",
        "path":  "D:\\OneDrive\\Tài liệu\\cAlgo\\Sources\\Robots\\BotG\\path_issues\\collect_20250830_110506\\top_slippage.csv",
        "size":  116,
        "mtimeUtc":  "2025-08-27T06:48:40.6523286Z",
        "sha256":  "D02A1184FB37B6301F3BC7EC76F1F307770E47B624C7CFD2832E2A8DB2C79550"
    },
    {
        "name":  "trade_closes.log",
        "path":  "D:\\OneDrive\\Tài liệu\\cAlgo\\Sources\\Robots\\BotG\\path_issues\\collect_20250830_110506\\trade_closes.log",
        "size":  21054,
        "mtimeUtc":  "2025-08-30T04:07:18.9430300Z",
        "sha256":  "7A247F6819BEA0F31E7E43CA0D2AEF954448DE2B8730852618C42217AC7728BD"
    }
]
