﻿{
    "errors":  [

               ],
    "timestamp":  "2025-09-02T13:10:29.575Z",
    "files":  [
                  {
                      "hash":  "F37BEDA9A7DC9F0294D23C122FE55900B44B84274F3247206529329313D9DB88",
                      "archive_path":  "run_output\\final_report.json",
                      "source":  "D:\\botg\\runs\\realtime_24h_20250901_122453\\final_report.json",
                      "size":  397
                  },
                  {
                      "hash":  "E3B0C44298FC1C149AFBF4C8996FB92427AE41E4649B934CA495991B7852B855",
                      "archive_path":  "run_output\\run_smoke_24h_20250901_122453.err.log",
                      "source":  "D:\\botg\\runs\\realtime_24h_20250901_122453\\run_smoke_24h_20250901_122453.err.log",
                      "size":  0
                  },
                  {
                      "hash":  "3DD467249BA096EEB3817AD1C9EBF38E98CC47A74412FF31E8C8C4A1383A58DD",
                      "archive_path":  "run_output\\run_smoke_24h_20250901_122453.log",
                      "source":  "D:\\botg\\runs\\realtime_24h_20250901_122453\\run_smoke_24h_20250901_122453.log",
                      "size":  18720
                  },
                  {
                      "hash":  "5267F1FB60B9B84D85D5CF1924B0A0AB409EB30486997B88E7DB6872B4A01FD0",
                      "archive_path":  "health_logs\\run_health_20250901_122744.log",
                      "source":  "D:\\OneDrive\\Tài liệu\\cAlgo\\Sources\\Robots\\BotG\\path_issues\\run_health_20250901_122744.log",
                      "size":  241
                  }
              ],
    "total_size":  19358,
    "files_collected":  4,
    "reason":  "COMPLETED_24H",
    "collector_version":  "24h_supervised_v1",
    "outbase":  "D:\\botg\\runs\\realtime_24h_20250901_122453"
}
