phase,timestamp_iso,epoch_ms,orderId,intendedPrice,stopLoss,execPrice,theoretical_lots,theoretical_units,requestedVolume,filledSize,slippage,brokerMsg,client_order_id,side,action,type,status,reason,latency_ms,price_requested,price_filled,size_requested,size_filled,session,host
REQUEST,2025-08-23T03:44:58.7035366Z,1755920698703,ORD-0,100,99.95,,,,1,,,,ORD-0,Buy,BUY,Market,REQUEST,,,100,,1,,HARNESS,DESKTOP-584MV4B
ACK,2025-08-23T03:44:58.7091219Z,1755920698709,ORD-0,100,99.95,,,,1,,,,ORD-0,Buy,BUY,Market,ACK,,6,100,,1,,HARNESS,DESKTOP-584MV4B
FILL,2025-08-23T03:44:58.7111635Z,1755920698711,ORD-0,100,99.95,100.0005,,,1,1,0.0005000000000023874,filled,ORD-0,Buy,BUY,Market,FILL,filled,8,100,100.0005,1,1,HARNESS,DESKTOP-584MV4B
REQUEST,2025-08-23T03:44:58.9415051Z,1755920698941,ORD-15,100.15,,,,,1,,,,ORD-15,Sell,SELL,Market,REQUEST,,,100.15,,1,,HARNESS,DESKTOP-584MV4B
ACK,2025-08-23T03:44:58.9419846Z,1755920698941,ORD-15,100.15,,,,,1,,,,ORD-15,Sell,SELL,Market,ACK,,0,100.15,,1,,HARNESS,DESKTOP-584MV4B
FILL,2025-08-23T03:44:58.9423531Z,1755920698942,ORD-15,100.15,,100.1495,,,1,1,-0.0005000000000023874,filled,ORD-15,Sell,SELL,Market,FILL,filled,1,100.15,100.1495,1,1,HARNESS,DESKTOP-584MV4B
REQUEST,2025-08-23T03:44:59.2102576Z,1755920699210,ORD-30,100.3,100.25,,,,1,,,,ORD-30,Buy,BUY,Market,REQUEST,,,100.3,,1,,HARNESS,DESKTOP-584MV4B
ACK,2025-08-23T03:44:59.2107120Z,1755920699210,ORD-30,100.3,100.25,,,,1,,,,ORD-30,Buy,BUY,Market,ACK,,0,100.3,,1,,HARNESS,DESKTOP-584MV4B
FILL,2025-08-23T03:44:59.2108762Z,1755920699210,ORD-30,100.3,100.25,100.3005,,,1,1,0.0005000000000023874,filled,ORD-30,Buy,BUY,Market,FILL,filled,0,100.3,100.3005,1,1,HARNESS,DESKTOP-584MV4B
REQUEST,2025-08-23T03:44:59.4473547Z,1755920699447,ORD-45,100.45,,,,,1,,,,ORD-45,Sell,SELL,Market,REQUEST,,,100.45,,1,,HARNESS,DESKTOP-584MV4B
ACK,2025-08-23T03:44:59.4481734Z,1755920699448,ORD-45,100.45,,,,,1,,,,ORD-45,Sell,SELL,Market,ACK,,1,100.45,,1,,HARNESS,DESKTOP-584MV4B
FILL,2025-08-23T03:44:59.4484551Z,1755920699448,ORD-45,100.45,,100.4495,,,1,1,-0.0005000000000023874,filled,ORD-45,Sell,SELL,Market,FILL,filled,1,100.45,100.4495,1,1,HARNESS,DESKTOP-584MV4B
REQUEST,2025-08-23T03:44:59.6927473Z,1755920699692,ORD-60,100.6,100.55,,,,1,,,,ORD-60,Buy,BUY,Market,REQUEST,,,100.6,,1,,HARNESS,DESKTOP-584MV4B
ACK,2025-08-23T03:44:59.6931973Z,1755920699693,ORD-60,100.6,100.55,,,,1,,,,ORD-60,Buy,BUY,Market,ACK,,1,100.6,,1,,HARNESS,DESKTOP-584MV4B
FILL,2025-08-23T03:44:59.6934315Z,1755920699693,ORD-60,100.6,100.55,100.6005,,,1,1,0.0005000000000023874,filled,ORD-60,Buy,BUY,Market,FILL,filled,1,100.6,100.6005,1,1,HARNESS,DESKTOP-584MV4B
REQUEST,2025-08-23T03:44:59.9137742Z,1755920699913,ORD-75,100.75,,,,,1,,,,ORD-75,Sell,SELL,Market,REQUEST,,,100.75,,1,,HARNESS,DESKTOP-584MV4B
ACK,2025-08-23T03:44:59.9179445Z,1755920699917,ORD-75,100.75,,,,,1,,,,ORD-75,Sell,SELL,Market,ACK,,4,100.75,,1,,HARNESS,DESKTOP-584MV4B
FILL,2025-08-23T03:44:59.9182547Z,1755920699918,ORD-75,100.75,,100.7495,,,1,1,-0.0005000000000023874,filled,ORD-75,Sell,SELL,Market,FILL,filled,5,100.75,100.7495,1,1,HARNESS,DESKTOP-584MV4B
REQUEST,2025-08-23T03:45:00.1779191Z,1755920700177,ORD-90,100.9,100.85000000000001,,,,1,,,,ORD-90,Buy,BUY,Market,REQUEST,,,100.9,,1,,HARNESS,DESKTOP-584MV4B
ACK,2025-08-23T03:45:00.1783340Z,1755920700178,ORD-90,100.9,100.85000000000001,,,,1,,,,ORD-90,Buy,BUY,Market,ACK,,1,100.9,,1,,HARNESS,DESKTOP-584MV4B
FILL,2025-08-23T03:45:00.1785414Z,1755920700178,ORD-90,100.9,100.85000000000001,100.90050000000001,,,1,1,0.0005000000000023874,filled,ORD-90,Buy,BUY,Market,FILL,filled,1,100.9,100.90050000000001,1,1,HARNESS,DESKTOP-584MV4B
REQUEST,2025-08-23T03:45:00.4142012Z,1755920700414,ORD-105,101.05,,,,,1,,,,ORD-105,Sell,SELL,Market,REQUEST,,,101.05,,1,,HARNESS,DESKTOP-584MV4B
ACK,2025-08-23T03:45:00.4149319Z,1755920700414,ORD-105,101.05,,,,,1,,,,ORD-105,Sell,SELL,Market,ACK,,0,101.05,,1,,HARNESS,DESKTOP-584MV4B
FILL,2025-08-23T03:45:00.4154633Z,1755920700415,ORD-105,101.05,,101.0495,,,1,1,-0.0005000000000023874,filled,ORD-105,Sell,SELL,Market,FILL,filled,1,101.05,101.0495,1,1,HARNESS,DESKTOP-584MV4B
REQUEST,2025-08-23T03:45:00.6651499Z,1755920700665,ORD-120,101.2,101.15,,,,1,,,,ORD-120,Buy,BUY,Market,REQUEST,,,101.2,,1,,HARNESS,DESKTOP-584MV4B
ACK,2025-08-23T03:45:00.6658493Z,1755920700665,ORD-120,101.2,101.15,,,,1,,,,ORD-120,Buy,BUY,Market,ACK,,0,101.2,,1,,HARNESS,DESKTOP-584MV4B
FILL,2025-08-23T03:45:00.6664456Z,1755920700666,ORD-120,101.2,101.15,101.2005,,,1,1,0.0005000000000023874,filled,ORD-120,Buy,BUY,Market,FILL,filled,1,101.2,101.2005,1,1,HARNESS,DESKTOP-584MV4B
REQUEST,2025-08-23T03:45:00.9049606Z,1755920700904,ORD-135,101.35,,,,,1,,,,ORD-135,Sell,SELL,Market,REQUEST,,,101.35,,1,,HARNESS,DESKTOP-584MV4B
ACK,2025-08-23T03:45:00.9057832Z,1755920700905,ORD-135,101.35,,,,,1,,,,ORD-135,Sell,SELL,Market,ACK,,1,101.35,,1,,HARNESS,DESKTOP-584MV4B
FILL,2025-08-23T03:45:00.9062643Z,1755920700906,ORD-135,101.35,,101.34949999999999,,,1,1,-0.0005000000000023874,filled,ORD-135,Sell,SELL,Market,FILL,filled,2,101.35,101.34949999999999,1,1,HARNESS,DESKTOP-584MV4B
REQUEST,2025-08-23T03:45:01.1753146Z,1755920701175,ORD-150,101.5,101.45,,,,1,,,,ORD-150,Buy,BUY,Market,REQUEST,,,101.5,,1,,HARNESS,DESKTOP-584MV4B
ACK,2025-08-23T03:45:01.1758938Z,1755920701175,ORD-150,101.5,101.45,,,,1,,,,ORD-150,Buy,BUY,Market,ACK,,0,101.5,,1,,HARNESS,DESKTOP-584MV4B
FILL,2025-08-23T03:45:01.1760721Z,1755920701176,ORD-150,101.5,101.45,101.5005,,,1,1,0.0005000000000023874,filled,ORD-150,Buy,BUY,Market,FILL,filled,1,101.5,101.5005,1,1,HARNESS,DESKTOP-584MV4B
REQUEST,2025-08-23T03:45:01.4065387Z,1755920701406,ORD-165,101.65,,,,,1,,,,ORD-165,Sell,SELL,Market,REQUEST,,,101.65,,1,,HARNESS,DESKTOP-584MV4B
ACK,2025-08-23T03:45:01.4071522Z,1755920701407,ORD-165,101.65,,,,,1,,,,ORD-165,Sell,SELL,Market,ACK,,1,101.65,,1,,HARNESS,DESKTOP-584MV4B
FILL,2025-08-23T03:45:01.4076101Z,1755920701407,ORD-165,101.65,,101.6495,,,1,1,-0.0005000000000023874,filled,ORD-165,Sell,SELL,Market,FILL,filled,1,101.65,101.6495,1,1,HARNESS,DESKTOP-584MV4B
REQUEST,2025-08-23T03:45:01.6731692Z,1755920701673,ORD-180,101.8,101.75,,,,1,,,,ORD-180,Buy,BUY,Market,REQUEST,,,101.8,,1,,HARNESS,DESKTOP-584MV4B
ACK,2025-08-23T03:45:01.6742669Z,1755920701674,ORD-180,101.8,101.75,,,,1,,,,ORD-180,Buy,BUY,Market,ACK,,1,101.8,,1,,HARNESS,DESKTOP-584MV4B
FILL,2025-08-23T03:45:01.6747510Z,1755920701674,ORD-180,101.8,101.75,101.8005,,,1,1,0.0005000000000023874,filled,ORD-180,Buy,BUY,Market,FILL,filled,1,101.8,101.8005,1,1,HARNESS,DESKTOP-584MV4B
REQUEST,2025-08-23T03:45:01.9079952Z,1755920701907,ORD-195,101.95,,,,,1,,,,ORD-195,Sell,SELL,Market,REQUEST,,,101.95,,1,,HARNESS,DESKTOP-584MV4B
ACK,2025-08-23T03:45:01.9086568Z,1755920701908,ORD-195,101.95,,,,,1,,,,ORD-195,Sell,SELL,Market,ACK,,1,101.95,,1,,HARNESS,DESKTOP-584MV4B
FILL,2025-08-23T03:45:01.9090500Z,1755920701909,ORD-195,101.95,,101.9495,,,1,1,-0.0005000000000023874,filled,ORD-195,Sell,SELL,Market,FILL,filled,2,101.95,101.9495,1,1,HARNESS,DESKTOP-584MV4B
REQUEST,2025-08-23T03:45:02.1722990Z,1755920702172,ORD-210,102.1,102.05,,,,1,,,,ORD-210,Buy,BUY,Market,REQUEST,,,102.1,,1,,HARNESS,DESKTOP-584MV4B
ACK,2025-08-23T03:45:02.1729977Z,1755920702172,ORD-210,102.1,102.05,,,,1,,,,ORD-210,Buy,BUY,Market,ACK,,0,102.1,,1,,HARNESS,DESKTOP-584MV4B
FILL,2025-08-23T03:45:02.1733752Z,1755920702173,ORD-210,102.1,102.05,102.1005,,,1,1,0.0005000000000023874,filled,ORD-210,Buy,BUY,Market,FILL,filled,1,102.1,102.1005,1,1,HARNESS,DESKTOP-584MV4B
REQUEST,2025-08-23T03:45:02.4092223Z,1755920702409,ORD-225,102.25,,,,,1,,,,ORD-225,Sell,SELL,Market,REQUEST,,,102.25,,1,,HARNESS,DESKTOP-584MV4B
ACK,2025-08-23T03:45:02.4099880Z,1755920702409,ORD-225,102.25,,,,,1,,,,ORD-225,Sell,SELL,Market,ACK,,0,102.25,,1,,HARNESS,DESKTOP-584MV4B
FILL,2025-08-23T03:45:02.4106438Z,1755920702410,ORD-225,102.25,,102.2495,,,1,1,-0.0005000000000023874,filled,ORD-225,Sell,SELL,Market,FILL,filled,1,102.25,102.2495,1,1,HARNESS,DESKTOP-584MV4B
REQUEST,2025-08-23T03:45:02.6649277Z,1755920702664,ORD-240,102.4,102.35000000000001,,,,1,,,,ORD-240,Buy,BUY,Market,REQUEST,,,102.4,,1,,HARNESS,DESKTOP-584MV4B
ACK,2025-08-23T03:45:02.6654117Z,1755920702665,ORD-240,102.4,102.35000000000001,,,,1,,,,ORD-240,Buy,BUY,Market,ACK,,1,102.4,,1,,HARNESS,DESKTOP-584MV4B
FILL,2025-08-23T03:45:02.6657070Z,1755920702665,ORD-240,102.4,102.35000000000001,102.40050000000001,,,1,1,0.0005000000000023874,filled,ORD-240,Buy,BUY,Market,FILL,filled,1,102.4,102.40050000000001,1,1,HARNESS,DESKTOP-584MV4B
REQUEST,2025-08-23T03:45:02.8978176Z,1755920702897,ORD-255,102.55,,,,,1,,,,ORD-255,Sell,SELL,Market,REQUEST,,,102.55,,1,,HARNESS,DESKTOP-584MV4B
ACK,2025-08-23T03:45:02.8989274Z,1755920702898,ORD-255,102.55,,,,,1,,,,ORD-255,Sell,SELL,Market,ACK,,1,102.55,,1,,HARNESS,DESKTOP-584MV4B
FILL,2025-08-23T03:45:02.8992871Z,1755920702899,ORD-255,102.55,,102.5495,,,1,1,-0.0005000000000023874,filled,ORD-255,Sell,SELL,Market,FILL,filled,2,102.55,102.5495,1,1,HARNESS,DESKTOP-584MV4B
REQUEST,2025-08-23T03:45:03.1295086Z,1755920703129,ORD-270,102.7,102.65,,,,1,,,,ORD-270,Buy,BUY,Market,REQUEST,,,102.7,,1,,HARNESS,DESKTOP-584MV4B
ACK,2025-08-23T03:45:03.1303513Z,1755920703130,ORD-270,102.7,102.65,,,,1,,,,ORD-270,Buy,BUY,Market,ACK,,1,102.7,,1,,HARNESS,DESKTOP-584MV4B
FILL,2025-08-23T03:45:03.1308055Z,1755920703130,ORD-270,102.7,102.65,102.7005,,,1,1,0.0005000000000023874,filled,ORD-270,Buy,BUY,Market,FILL,filled,1,102.7,102.7005,1,1,HARNESS,DESKTOP-584MV4B
REQUEST,2025-08-23T03:45:03.3589737Z,1755920703358,ORD-285,102.85,,,,,1,,,,ORD-285,Sell,SELL,Market,REQUEST,,,102.85,,1,,HARNESS,DESKTOP-584MV4B
ACK,2025-08-23T03:45:03.3596891Z,1755920703359,ORD-285,102.85,,,,,1,,,,ORD-285,Sell,SELL,Market,ACK,,1,102.85,,1,,HARNESS,DESKTOP-584MV4B
FILL,2025-08-23T03:45:03.3602304Z,1755920703360,ORD-285,102.85,,102.84949999999999,,,1,1,-0.0005000000000023874,filled,ORD-285,Sell,SELL,Market,FILL,filled,2,102.85,102.84949999999999,1,1,HARNESS,DESKTOP-584MV4B
REQUEST,2025-08-23T03:45:03.6259258Z,1755920703625,ORD-300,103,102.95,,,,1,,,,ORD-300,Buy,BUY,Market,REQUEST,,,103,,1,,HARNESS,DESKTOP-584MV4B
ACK,2025-08-23T03:45:03.6267900Z,1755920703626,ORD-300,103,102.95,,,,1,,,,ORD-300,Buy,BUY,Market,ACK,,1,103,,1,,HARNESS,DESKTOP-584MV4B
FILL,2025-08-23T03:45:03.6272710Z,1755920703627,ORD-300,103,102.95,103.0005,,,1,1,0.0005000000000023874,filled,ORD-300,Buy,BUY,Market,FILL,filled,2,103,103.0005,1,1,HARNESS,DESKTOP-584MV4B
REQUEST,2025-08-23T03:45:03.8605153Z,1755920703860,ORD-315,103.15,,,,,1,,,,ORD-315,Sell,SELL,Market,REQUEST,,,103.15,,1,,HARNESS,DESKTOP-584MV4B
ACK,2025-08-23T03:45:03.8614052Z,1755920703861,ORD-315,103.15,,,,,1,,,,ORD-315,Sell,SELL,Market,ACK,,1,103.15,,1,,HARNESS,DESKTOP-584MV4B
FILL,2025-08-23T03:45:03.8617906Z,1755920703861,ORD-315,103.15,,103.1495,,,1,1,-0.0005000000000023874,filled,ORD-315,Sell,SELL,Market,FILL,filled,1,103.15,103.1495,1,1,HARNESS,DESKTOP-584MV4B
