﻿{
    "pnl_per_hour":  [
                         150,
                         225,
                         333.33,
                         96
                     ],
    "total_closed_trades":  4,
    "warnings":  [
                     "Minor timing discrepancies detected"
                 ],
    "avg_duration_minutes":  16.29,
    "total_pnl":  804.33,
    "unmatched_count":  3,
    "timestamp":  "20250904_095819",
    "top_symbols":  [
                        "EURUSD",
                        "GBPUSD",
                        "USDJPY"
                    ],
    "recommendations":  [
                            "Monitor fill rate consistency",
                            "Check unmatched orders"
                        ],
    "fill_rate":  0.944
}
