﻿{
  "timestamp": "2025-09-02T14:28:00Z",
  "user_name": "TechCare",
  "computer_name": "DESKTOP-584MV4B",
  "environment": {
    "BOTG_ROOT": "C:\botg",
    "BOTG_LOG_PATH": "D:\botg\logs"
  },
  "versions": {
    "python": "Python 3.13.5",
    "dotnet": "9.0.304",
    "powershell": "5.1.26100.4652"
  },
  "disk_info": {
    "free_gb": 219.33,
    "total_gb": 236.96,
    "percent_free": 92.6
  },
  "log_path_permissions": {
    "readable": true,
    "writable": true,
    "path_exists": true
  },
  "sentinel_check": {
    "script_exists": true,
    "run_pause_check": true,
    "run_stop_check": true
  },
  "status": "ready_for_supervised_run"
}
