{
    "ts":  "20250829_122749",
    "request_count":  null,
    "fill_count":  1,
    "fill_rate":  null,
    "orphan_after":  0,
    "unmatched_orders_count":  0,
    "sum_pnl":  36.952000000003224,
    "sources":  {
                    "reconstruct_report":  "D:\\OneDrive\\Tài liệu\\cAlgo\\Sources\\Robots\\BotG\\path_issues\\reconstruct_report.json",
                    "smoke_summary":  "D:\\OneDrive\\Tài liệu\\cAlgo\\Sources\\Robots\\BotG\\path_issues\\smoke_summary_20250827_200336.json"
                }
}