﻿{
    "ts":  "20250830_105656",
    "weekend_readiness":  "INVESTIGATE",
    "gates":  {
                  "logging":  "FAIL",
                  "fill_rate":  "N/A",
                  "build":  "PASS",
                  "smoke":  "FAIL",
                  "reconstruct":  "MISSING"
              },
    "artifacts":  [
                      {
                          "name":  "fillrate_by_hour.png",
                          "path":  "D:\\OneDrive\\Tài liệu\\cAlgo\\Sources\\Robots\\BotG\\path_issues\\collect_20250830_105656\\fillrate_by_hour.png",
                          "size":  5316,
                          "mtimeUtc":  "2025-08-27T07:04:24.3343173Z",
                          "sha256":  "A38B26D2E99EE641B7A1D8F2F2DFD89519BDEE0F038BE6DEE9F71F7026C39A57"
                      },
                      {
                          "name":  "fillrate_hourly.csv",
                          "path":  "D:\\OneDrive\\Tài liệu\\cAlgo\\Sources\\Robots\\BotG\\path_issues\\collect_20250830_105656\\fillrate_hourly.csv",
                          "size":  103,
                          "mtimeUtc":  "2025-08-27T06:48:40.6523286Z",
                          "sha256":  "0BA2358871E1B28D95FE4435EC82ACE8BA42C79B762B20C6ED89943D99FDCA11"
                      },
                      {
                          "name":  "latency_percentiles.png",
                          "path":  "D:\\OneDrive\\Tài liệu\\cAlgo\\Sources\\Robots\\BotG\\path_issues\\collect_20250830_105656\\latency_percentiles.png",
                          "size":  5360,
                          "mtimeUtc":  "2025-08-27T07:04:24.3300403Z",
                          "sha256":  "B9BBD55294881EF9D522397ADB9E6AF829B016D575B0F39D77B06C09042CD4DA"
                      },
                      {
                          "name":  "orders_ascii.csv",
                          "path":  "D:\\OneDrive\\Tài liệu\\cAlgo\\Sources\\Robots\\BotG\\path_issues\\collect_20250830_105656\\orders_ascii.csv",
                          "size":  10927,
                          "mtimeUtc":  "2025-08-25T06:19:11.8005244Z",
                          "sha256":  "D68FEA28C52BD0DBE25A048959EE58C8EFE2818EEE1F6FCAB3E48C6EBD9D9EC1"
                      },
                      {
                          "name":  "slippage_hist.png",
                          "path":  "D:\\OneDrive\\Tài liệu\\cAlgo\\Sources\\Robots\\BotG\\path_issues\\collect_20250830_105656\\slippage_hist.png",
                          "size":  5176,
                          "mtimeUtc":  "2025-08-27T07:04:24.3097841Z",
                          "sha256":  "649ECC508286137060C2260915394948CFB7B7CBC2E543CE25AB1D8ABAC8629F"
                      },
                      {
                          "name":  "telemetry_run_20250827_200336.zip",
                          "path":  "D:\\OneDrive\\Tài liệu\\cAlgo\\Sources\\Robots\\BotG\\path_issues\\collect_20250830_105656\\telemetry_run_20250827_200336.zip",
                          "size":  48901,
                          "mtimeUtc":  "2025-08-27T13:05:39.9629432Z",
                          "sha256":  "3F88D20B0AF48EC6A2FBBFC4C13F5D8FE238E608868E538476BEB52BF29DA6D1"
                      },
                      {
                          "name":  "top_slippage.csv",
                          "path":  "D:\\OneDrive\\Tài liệu\\cAlgo\\Sources\\Robots\\BotG\\path_issues\\collect_20250830_105656\\top_slippage.csv",
                          "size":  116,
                          "mtimeUtc":  "2025-08-27T06:48:40.6523286Z",
                          "sha256":  "D02A1184FB37B6301F3BC7EC76F1F307770E47B624C7CFD2832E2A8DB2C79550"
                      }
                  ]
}
