﻿{
    "ts":  "20250827_191534",
    "botg_root":  "D:\\OneDrive\\Tài liệu\\cAlgo\\Sources\\Robots\\BotG",
    "botg_log_path":  "D:\\botg\\logs",
    "disk_free_mb":  225054,
    "files_present":  [
                          {
                              "path":  "scripts\\start_realtime_24h_supervised.ps1",
                              "exists":  true
                          },
                          {
                              "path":  "path_issues\\start_24h_command.txt",
                              "exists":  true
                          },
                          {
                              "path":  "path_issues\\reconstruct_report.json",
                              "exists":  true
                          },
                          {
                              "path":  "path_issues\\closed_trades_fifo_reconstructed.csv",
                              "exists":  true
                          },
                          {
                              "path":  "path_issues\\slip_latency_percentiles.json",
                              "exists":  true
                          },
                          {
                              "path":  "path_issues\\slippage_hist.png",
                              "exists":  true
                          },
                          {
                              "path":  "path_issues\\latency_percentiles.png",
                              "exists":  true
                          },
                          {
                              "path":  "path_issues\\latest_zip.txt",
                              "exists":  true
                          }
                      ],
    "writable":  true,
    "status":  "PASS",
    "missing":  [

                ]
}
