﻿{
    "files":  [
                  {
                      "mtime":  "2025-09-01T05:09:52.9742976Z",
                      "path":  ".\\path_issues\\monitor_snapshots\\20250901_121642\\orders.csv",
                      "name":  "orders.csv",
                      "size":  268333
                  },
                  {
                      "mtime":  "2025-09-01T05:09:51.9501733Z",
                      "path":  ".\\path_issues\\monitor_snapshots\\20250901_121642\\telemetry.csv",
                      "name":  "telemetry.csv",
                      "size":  3145
                  },
                  {
                      "mtime":  "2025-09-01T05:09:52.9742976Z",
                      "path":  ".\\path_issues\\monitor_snapshots\\20250901_121642\\trade_closes.log",
                      "name":  "trade_closes.log",
                      "size":  23418
                  },
                  {
                      "mtime":  "2025-09-01T05:09:52.9742976Z",
                      "path":  ".\\path_issues\\monitor_snapshots\\20250901_121642\\closed_trades_fifo.csv",
                      "name":  "closed_trades_fifo.csv",
                      "size":  46288
                  },
                  {
                      "mtime":  "2025-09-01T05:09:53.8823105Z",
                      "path":  ".\\path_issues\\monitor_snapshots\\20250901_121642\\summary.json",
                      "name":  "summary.json",
                      "size":  1323
                  },
                  {
                      "mtime":  "2025-09-01T05:07:52.6210605Z",
                      "path":  ".\\path_issues\\monitor_snapshots\\20250901_121642\\build.log",
                      "name":  "build.log",
                      "size":  1578
                  },
                  {
                      "mtime":  "2025-09-01T05:07:55.9348065Z",
                      "path":  ".\\path_issues\\monitor_snapshots\\20250901_121642\\risk_snapshots.csv",
                      "name":  "risk_snapshots.csv",
                      "size":  70
                  }
              ],
    "timestamp":  "2025-09-01T05:16:43.0198610Z",
    "total_files":  7,
    "total_size":  null,
    "snapshot_dir":  ".\\path_issues\\monitor_snapshots\\20250901_121642",
    "source_run":  "D:\\OneDrive\\Tài liệu\\cAlgo\\Sources\\Robots\\BotG\\artifacts\\telemetry_run_20250901_120749"
}
