phase,timestamp_iso,epoch_ms,orderId,intendedPrice,stopLoss,execPrice,theoretical_lots,theoretical_units,requestedVolume,filledSize,slippage,brokerMsg,client_order_id,side,action,type,status,reason,latency_ms,price_requested,price_filled,size_requested,size_filled,session,host
REQUEST,2025-08-23T03:38:54.7619964Z,1755920334761,ORD-0,100,99.95,,,,1,,,,ORD-0,Buy,BUY,Market,REQUEST,,,100,,1,,HARNESS,DESKTOP-584MV4B
ACK,2025-08-23T03:38:54.7662955Z,1755920334766,ORD-0,100,99.95,,,,1,,,,ORD-0,Buy,BUY,Market,ACK,,5,100,,1,,HARNESS,DESKTOP-584MV4B
FILL,2025-08-23T03:38:54.7687162Z,1755920334768,ORD-0,100,99.95,100.0005,,,1,1,0.0005000000000023874,filled,ORD-0,Buy,BUY,Market,FILL,filled,7,100,100.0005,1,1,HARNESS,DESKTOP-584MV4B
REQUEST,2025-08-23T03:38:54.9993917Z,1755920334999,ORD-15,100.15,,,,,1,,,,ORD-15,Sell,SELL,Market,REQUEST,,,100.15,,1,,HARNESS,DESKTOP-584MV4B
ACK,2025-08-23T03:38:55.0004193Z,1755920335000,ORD-15,100.15,,,,,1,,,,ORD-15,Sell,SELL,Market,ACK,,1,100.15,,1,,HARNESS,DESKTOP-584MV4B
FILL,2025-08-23T03:38:55.0010608Z,1755920335001,ORD-15,100.15,,100.1495,,,1,1,-0.0005000000000023874,filled,ORD-15,Sell,SELL,Market,FILL,filled,2,100.15,100.1495,1,1,HARNESS,DESKTOP-584MV4B
REQUEST,2025-08-23T03:38:55.2713988Z,1755920335271,ORD-30,100.3,100.25,,,,1,,,,ORD-30,Buy,BUY,Market,REQUEST,,,100.3,,1,,HARNESS,DESKTOP-584MV4B
ACK,2025-08-23T03:38:55.2723227Z,1755920335272,ORD-30,100.3,100.25,,,,1,,,,ORD-30,Buy,BUY,Market,ACK,,1,100.3,,1,,HARNESS,DESKTOP-584MV4B
FILL,2025-08-23T03:38:55.2727843Z,1755920335272,ORD-30,100.3,100.25,100.3005,,,1,1,0.0005000000000023874,filled,ORD-30,Buy,BUY,Market,FILL,filled,1,100.3,100.3005,1,1,HARNESS,DESKTOP-584MV4B
REQUEST,2025-08-23T03:38:55.4902239Z,1755920335490,ORD-45,100.45,,,,,1,,,,ORD-45,Sell,SELL,Market,REQUEST,,,100.45,,1,,HARNESS,DESKTOP-584MV4B
ACK,2025-08-23T03:38:55.4907404Z,1755920335490,ORD-45,100.45,,,,,1,,,,ORD-45,Sell,SELL,Market,ACK,,0,100.45,,1,,HARNESS,DESKTOP-584MV4B
FILL,2025-08-23T03:38:55.4909678Z,1755920335490,ORD-45,100.45,,100.4495,,,1,1,-0.0005000000000023874,filled,ORD-45,Sell,SELL,Market,FILL,filled,0,100.45,100.4495,1,1,HARNESS,DESKTOP-584MV4B
REQUEST,2025-08-23T03:38:55.7538063Z,1755920335753,ORD-60,100.6,100.55,,,,1,,,,ORD-60,Buy,BUY,Market,REQUEST,,,100.6,,1,,HARNESS,DESKTOP-584MV4B
ACK,2025-08-23T03:38:55.7587759Z,1755920335758,ORD-60,100.6,100.55,,,,1,,,,ORD-60,Buy,BUY,Market,ACK,,5,100.6,,1,,HARNESS,DESKTOP-584MV4B
FILL,2025-08-23T03:38:55.7592967Z,1755920335759,ORD-60,100.6,100.55,100.6005,,,1,1,0.0005000000000023874,filled,ORD-60,Buy,BUY,Market,FILL,filled,6,100.6,100.6005,1,1,HARNESS,DESKTOP-584MV4B
REQUEST,2025-08-23T03:38:55.9922811Z,1755920335992,ORD-75,100.75,,,,,1,,,,ORD-75,Sell,SELL,Market,REQUEST,,,100.75,,1,,HARNESS,DESKTOP-584MV4B
ACK,2025-08-23T03:38:55.9985970Z,1755920335998,ORD-75,100.75,,,,,1,,,,ORD-75,Sell,SELL,Market,ACK,,6,100.75,,1,,HARNESS,DESKTOP-584MV4B
FILL,2025-08-23T03:38:55.9990696Z,1755920335999,ORD-75,100.75,,100.7495,,,1,1,-0.0005000000000023874,filled,ORD-75,Sell,SELL,Market,FILL,filled,7,100.75,100.7495,1,1,HARNESS,DESKTOP-584MV4B
REQUEST,2025-08-23T03:38:56.2738873Z,1755920336273,ORD-90,100.9,100.85000000000001,,,,1,,,,ORD-90,Buy,BUY,Market,REQUEST,,,100.9,,1,,HARNESS,DESKTOP-584MV4B
ACK,2025-08-23T03:38:56.2746510Z,1755920336274,ORD-90,100.9,100.85000000000001,,,,1,,,,ORD-90,Buy,BUY,Market,ACK,,1,100.9,,1,,HARNESS,DESKTOP-584MV4B
FILL,2025-08-23T03:38:56.2753242Z,1755920336275,ORD-90,100.9,100.85000000000001,100.90050000000001,,,1,1,0.0005000000000023874,filled,ORD-90,Buy,BUY,Market,FILL,filled,2,100.9,100.90050000000001,1,1,HARNESS,DESKTOP-584MV4B
REQUEST,2025-08-23T03:38:56.5042877Z,1755920336504,ORD-105,101.05,,,,,1,,,,ORD-105,Sell,SELL,Market,REQUEST,,,101.05,,1,,HARNESS,DESKTOP-584MV4B
ACK,2025-08-23T03:38:56.5048514Z,1755920336504,ORD-105,101.05,,,,,1,,,,ORD-105,Sell,SELL,Market,ACK,,0,101.05,,1,,HARNESS,DESKTOP-584MV4B
FILL,2025-08-23T03:38:56.5050907Z,1755920336505,ORD-105,101.05,,101.0495,,,1,1,-0.0005000000000023874,filled,ORD-105,Sell,SELL,Market,FILL,filled,1,101.05,101.0495,1,1,HARNESS,DESKTOP-584MV4B
REQUEST,2025-08-23T03:38:56.7686774Z,1755920336768,ORD-120,101.2,101.15,,,,1,,,,ORD-120,Buy,BUY,Market,REQUEST,,,101.2,,1,,HARNESS,DESKTOP-584MV4B
ACK,2025-08-23T03:38:56.7692059Z,1755920336769,ORD-120,101.2,101.15,,,,1,,,,ORD-120,Buy,BUY,Market,ACK,,1,101.2,,1,,HARNESS,DESKTOP-584MV4B
FILL,2025-08-23T03:38:56.7696116Z,1755920336769,ORD-120,101.2,101.15,101.2005,,,1,1,0.0005000000000023874,filled,ORD-120,Buy,BUY,Market,FILL,filled,1,101.2,101.2005,1,1,HARNESS,DESKTOP-584MV4B
REQUEST,2025-08-23T03:38:56.9899657Z,1755920336989,ORD-135,101.35,,,,,1,,,,ORD-135,Sell,SELL,Market,REQUEST,,,101.35,,1,,HARNESS,DESKTOP-584MV4B
ACK,2025-08-23T03:38:56.9904596Z,1755920336990,ORD-135,101.35,,,,,1,,,,ORD-135,Sell,SELL,Market,ACK,,1,101.35,,1,,HARNESS,DESKTOP-584MV4B
FILL,2025-08-23T03:38:56.9907188Z,1755920336990,ORD-135,101.35,,101.34949999999999,,,1,1,-0.0005000000000023874,filled,ORD-135,Sell,SELL,Market,FILL,filled,1,101.35,101.34949999999999,1,1,HARNESS,DESKTOP-584MV4B
REQUEST,2025-08-23T03:38:57.2559632Z,1755920337255,ORD-150,101.5,101.45,,,,1,,,,ORD-150,Buy,BUY,Market,REQUEST,,,101.5,,1,,HARNESS,DESKTOP-584MV4B
ACK,2025-08-23T03:38:57.2566690Z,1755920337256,ORD-150,101.5,101.45,,,,1,,,,ORD-150,Buy,BUY,Market,ACK,,1,101.5,,1,,HARNESS,DESKTOP-584MV4B
FILL,2025-08-23T03:38:57.2570105Z,1755920337257,ORD-150,101.5,101.45,101.5005,,,1,1,0.0005000000000023874,filled,ORD-150,Buy,BUY,Market,FILL,filled,2,101.5,101.5005,1,1,HARNESS,DESKTOP-584MV4B
REQUEST,2025-08-23T03:38:57.4848299Z,1755920337484,ORD-165,101.65,,,,,1,,,,ORD-165,Sell,SELL,Market,REQUEST,,,101.65,,1,,HARNESS,DESKTOP-584MV4B
ACK,2025-08-23T03:38:57.4853961Z,1755920337485,ORD-165,101.65,,,,,1,,,,ORD-165,Sell,SELL,Market,ACK,,1,101.65,,1,,HARNESS,DESKTOP-584MV4B
FILL,2025-08-23T03:38:57.4856974Z,1755920337485,ORD-165,101.65,,101.6495,,,1,1,-0.0005000000000023874,filled,ORD-165,Sell,SELL,Market,FILL,filled,1,101.65,101.6495,1,1,HARNESS,DESKTOP-584MV4B
REQUEST,2025-08-23T03:38:57.7562860Z,1755920337756,ORD-180,101.8,101.75,,,,1,,,,ORD-180,Buy,BUY,Market,REQUEST,,,101.8,,1,,HARNESS,DESKTOP-584MV4B
ACK,2025-08-23T03:38:57.7569530Z,1755920337756,ORD-180,101.8,101.75,,,,1,,,,ORD-180,Buy,BUY,Market,ACK,,0,101.8,,1,,HARNESS,DESKTOP-584MV4B
FILL,2025-08-23T03:38:57.7573827Z,1755920337757,ORD-180,101.8,101.75,101.8005,,,1,1,0.0005000000000023874,filled,ORD-180,Buy,BUY,Market,FILL,filled,1,101.8,101.8005,1,1,HARNESS,DESKTOP-584MV4B
REQUEST,2025-08-23T03:38:57.9775977Z,1755920337977,ORD-195,101.95,,,,,1,,,,ORD-195,Sell,SELL,Market,REQUEST,,,101.95,,1,,HARNESS,DESKTOP-584MV4B
ACK,2025-08-23T03:38:57.9786879Z,1755920337978,ORD-195,101.95,,,,,1,,,,ORD-195,Sell,SELL,Market,ACK,,1,101.95,,1,,HARNESS,DESKTOP-584MV4B
FILL,2025-08-23T03:38:57.9792250Z,1755920337979,ORD-195,101.95,,101.9495,,,1,1,-0.0005000000000023874,filled,ORD-195,Sell,SELL,Market,FILL,filled,2,101.95,101.9495,1,1,HARNESS,DESKTOP-584MV4B
REQUEST,2025-08-23T03:38:58.2487576Z,1755920338248,ORD-210,102.1,102.05,,,,1,,,,ORD-210,Buy,BUY,Market,REQUEST,,,102.1,,1,,HARNESS,DESKTOP-584MV4B
ACK,2025-08-23T03:38:58.2494396Z,1755920338249,ORD-210,102.1,102.05,,,,1,,,,ORD-210,Buy,BUY,Market,ACK,,1,102.1,,1,,HARNESS,DESKTOP-584MV4B
FILL,2025-08-23T03:38:58.2498140Z,1755920338249,ORD-210,102.1,102.05,102.1005,,,1,1,0.0005000000000023874,filled,ORD-210,Buy,BUY,Market,FILL,filled,1,102.1,102.1005,1,1,HARNESS,DESKTOP-584MV4B
REQUEST,2025-08-23T03:38:58.4707067Z,1755920338470,ORD-225,102.25,,,,,1,,,,ORD-225,Sell,SELL,Market,REQUEST,,,102.25,,1,,HARNESS,DESKTOP-584MV4B
ACK,2025-08-23T03:38:58.4712738Z,1755920338471,ORD-225,102.25,,,,,1,,,,ORD-225,Sell,SELL,Market,ACK,,1,102.25,,1,,HARNESS,DESKTOP-584MV4B
FILL,2025-08-23T03:38:58.4716767Z,1755920338471,ORD-225,102.25,,102.2495,,,1,1,-0.0005000000000023874,filled,ORD-225,Sell,SELL,Market,FILL,filled,1,102.25,102.2495,1,1,HARNESS,DESKTOP-584MV4B
REQUEST,2025-08-23T03:38:58.7059485Z,1755920338705,ORD-240,102.4,102.35000000000001,,,,1,,,,ORD-240,Buy,BUY,Market,REQUEST,,,102.4,,1,,HARNESS,DESKTOP-584MV4B
ACK,2025-08-23T03:38:58.7065060Z,1755920338706,ORD-240,102.4,102.35000000000001,,,,1,,,,ORD-240,Buy,BUY,Market,ACK,,1,102.4,,1,,HARNESS,DESKTOP-584MV4B
FILL,2025-08-23T03:38:58.7068879Z,1755920338706,ORD-240,102.4,102.35000000000001,102.40050000000001,,,1,1,0.0005000000000023874,filled,ORD-240,Buy,BUY,Market,FILL,filled,1,102.4,102.40050000000001,1,1,HARNESS,DESKTOP-584MV4B
REQUEST,2025-08-23T03:38:58.9252397Z,1755920338925,ORD-255,102.55,,,,,1,,,,ORD-255,Sell,SELL,Market,REQUEST,,,102.55,,1,,HARNESS,DESKTOP-584MV4B
ACK,2025-08-23T03:38:58.9259541Z,1755920338925,ORD-255,102.55,,,,,1,,,,ORD-255,Sell,SELL,Market,ACK,,0,102.55,,1,,HARNESS,DESKTOP-584MV4B
FILL,2025-08-23T03:38:58.9262862Z,1755920338926,ORD-255,102.55,,102.5495,,,1,1,-0.0005000000000023874,filled,ORD-255,Sell,SELL,Market,FILL,filled,1,102.55,102.5495,1,1,HARNESS,DESKTOP-584MV4B
REQUEST,2025-08-23T03:38:59.1956972Z,1755920339195,ORD-270,102.7,102.65,,,,1,,,,ORD-270,Buy,BUY,Market,REQUEST,,,102.7,,1,,HARNESS,DESKTOP-584MV4B
ACK,2025-08-23T03:38:59.1965150Z,1755920339196,ORD-270,102.7,102.65,,,,1,,,,ORD-270,Buy,BUY,Market,ACK,,1,102.7,,1,,HARNESS,DESKTOP-584MV4B
FILL,2025-08-23T03:38:59.1969218Z,1755920339196,ORD-270,102.7,102.65,102.7005,,,1,1,0.0005000000000023874,filled,ORD-270,Buy,BUY,Market,FILL,filled,1,102.7,102.7005,1,1,HARNESS,DESKTOP-584MV4B
REQUEST,2025-08-23T03:38:59.4269945Z,1755920339426,ORD-285,102.85,,,,,1,,,,ORD-285,Sell,SELL,Market,REQUEST,,,102.85,,1,,HARNESS,DESKTOP-584MV4B
ACK,2025-08-23T03:38:59.4279123Z,1755920339427,ORD-285,102.85,,,,,1,,,,ORD-285,Sell,SELL,Market,ACK,,1,102.85,,1,,HARNESS,DESKTOP-584MV4B
FILL,2025-08-23T03:38:59.4285245Z,1755920339428,ORD-285,102.85,,102.84949999999999,,,1,1,-0.0005000000000023874,filled,ORD-285,Sell,SELL,Market,FILL,filled,2,102.85,102.84949999999999,1,1,HARNESS,DESKTOP-584MV4B
REQUEST,2025-08-23T03:38:59.6918562Z,1755920339691,ORD-300,103,102.95,,,,1,,,,ORD-300,Buy,BUY,Market,REQUEST,,,103,,1,,HARNESS,DESKTOP-584MV4B
ACK,2025-08-23T03:38:59.6924515Z,1755920339692,ORD-300,103,102.95,,,,1,,,,ORD-300,Buy,BUY,Market,ACK,,1,103,,1,,HARNESS,DESKTOP-584MV4B
FILL,2025-08-23T03:38:59.6928295Z,1755920339692,ORD-300,103,102.95,103.0005,,,1,1,0.0005000000000023874,filled,ORD-300,Buy,BUY,Market,FILL,filled,1,103,103.0005,1,1,HARNESS,DESKTOP-584MV4B
REQUEST,2025-08-23T03:38:59.9080474Z,1755920339908,ORD-315,103.15,,,,,1,,,,ORD-315,Sell,SELL,Market,REQUEST,,,103.15,,1,,HARNESS,DESKTOP-584MV4B
ACK,2025-08-23T03:38:59.9086733Z,1755920339908,ORD-315,103.15,,,,,1,,,,ORD-315,Sell,SELL,Market,ACK,,0,103.15,,1,,HARNESS,DESKTOP-584MV4B
FILL,2025-08-23T03:38:59.9090702Z,1755920339909,ORD-315,103.15,,103.1495,,,1,1,-0.0005000000000023874,filled,ORD-315,Sell,SELL,Market,FILL,filled,1,103.15,103.1495,1,1,HARNESS,DESKTOP-584MV4B
REQUEST,2025-08-23T03:39:00.1466713Z,1755920340146,ORD-330,103.3,103.25,,,,1,,,,ORD-330,Buy,BUY,Market,REQUEST,,,103.3,,1,,HARNESS,DESKTOP-584MV4B
ACK,2025-08-23T03:39:00.1478711Z,1755920340147,ORD-330,103.3,103.25,,,,1,,,,ORD-330,Buy,BUY,Market,ACK,,1,103.3,,1,,HARNESS,DESKTOP-584MV4B
FILL,2025-08-23T03:39:00.1482271Z,1755920340148,ORD-330,103.3,103.25,103.3005,,,1,1,0.0005000000000023874,filled,ORD-330,Buy,BUY,Market,FILL,filled,2,103.3,103.3005,1,1,HARNESS,DESKTOP-584MV4B
REQUEST,2025-08-23T03:39:00.3776233Z,1755920340377,ORD-345,103.45,,,,,1,,,,ORD-345,Sell,SELL,Market,REQUEST,,,103.45,,1,,HARNESS,DESKTOP-584MV4B
ACK,2025-08-23T03:39:00.3787202Z,1755920340378,ORD-345,103.45,,,,,1,,,,ORD-345,Sell,SELL,Market,ACK,,1,103.45,,1,,HARNESS,DESKTOP-584MV4B
FILL,2025-08-23T03:39:00.3793770Z,1755920340379,ORD-345,103.45,,103.4495,,,1,1,-0.0005000000000023874,filled,ORD-345,Sell,SELL,Market,FILL,filled,2,103.45,103.4495,1,1,HARNESS,DESKTOP-584MV4B
REQUEST,2025-08-23T03:39:00.6490037Z,1755920340649,ORD-360,103.6,103.55,,,,1,,,,ORD-360,Buy,BUY,Market,REQUEST,,,103.6,,1,,HARNESS,DESKTOP-584MV4B
ACK,2025-08-23T03:39:00.6496282Z,1755920340649,ORD-360,103.6,103.55,,,,1,,,,ORD-360,Buy,BUY,Market,ACK,,0,103.6,,1,,HARNESS,DESKTOP-584MV4B
FILL,2025-08-23T03:39:00.6501669Z,1755920340650,ORD-360,103.6,103.55,103.6005,,,1,1,0.0005000000000023874,filled,ORD-360,Buy,BUY,Market,FILL,filled,1,103.6,103.6005,1,1,HARNESS,DESKTOP-584MV4B
REQUEST,2025-08-23T03:39:00.8865019Z,1755920340886,ORD-375,103.75,,,,,1,,,,ORD-375,Sell,SELL,Market,REQUEST,,,103.75,,1,,HARNESS,DESKTOP-584MV4B
ACK,2025-08-23T03:39:00.8870957Z,1755920340887,ORD-375,103.75,,,,,1,,,,ORD-375,Sell,SELL,Market,ACK,,1,103.75,,1,,HARNESS,DESKTOP-584MV4B
FILL,2025-08-23T03:39:00.8874451Z,1755920340887,ORD-375,103.75,,103.7495,,,1,1,-0.0005000000000023874,filled,ORD-375,Sell,SELL,Market,FILL,filled,1,103.75,103.7495,1,1,HARNESS,DESKTOP-584MV4B
REQUEST,2025-08-23T03:39:01.1673969Z,1755920341167,ORD-390,103.9,103.85000000000001,,,,1,,,,ORD-390,Buy,BUY,Market,REQUEST,,,103.9,,1,,HARNESS,DESKTOP-584MV4B
ACK,2025-08-23T03:39:01.1681084Z,1755920341168,ORD-390,103.9,103.85000000000001,,,,1,,,,ORD-390,Buy,BUY,Market,ACK,,1,103.9,,1,,HARNESS,DESKTOP-584MV4B
FILL,2025-08-23T03:39:01.1685565Z,1755920341168,ORD-390,103.9,103.85000000000001,103.90050000000001,,,1,1,0.0005000000000023874,filled,ORD-390,Buy,BUY,Market,FILL,filled,1,103.9,103.90050000000001,1,1,HARNESS,DESKTOP-584MV4B
REQUEST,2025-08-23T03:39:01.3952939Z,1755920341395,ORD-405,104.05,,,,,1,,,,ORD-405,Sell,SELL,Market,REQUEST,,,104.05,,1,,HARNESS,DESKTOP-584MV4B
ACK,2025-08-23T03:39:01.3960032Z,1755920341396,ORD-405,104.05,,,,,1,,,,ORD-405,Sell,SELL,Market,ACK,,1,104.05,,1,,HARNESS,DESKTOP-584MV4B
FILL,2025-08-23T03:39:01.3965637Z,1755920341396,ORD-405,104.05,,104.0495,,,1,1,-0.0005000000000023874,filled,ORD-405,Sell,SELL,Market,FILL,filled,1,104.05,104.0495,1,1,HARNESS,DESKTOP-584MV4B
REQUEST,2025-08-23T03:39:01.6567250Z,1755920341656,ORD-420,104.2,104.15,,,,1,,,,ORD-420,Buy,BUY,Market,REQUEST,,,104.2,,1,,HARNESS,DESKTOP-584MV4B
ACK,2025-08-23T03:39:01.6572020Z,1755920341657,ORD-420,104.2,104.15,,,,1,,,,ORD-420,Buy,BUY,Market,ACK,,1,104.2,,1,,HARNESS,DESKTOP-584MV4B
FILL,2025-08-23T03:39:01.6574232Z,1755920341657,ORD-420,104.2,104.15,104.2005,,,1,1,0.0005000000000023874,filled,ORD-420,Buy,BUY,Market,FILL,filled,1,104.2,104.2005,1,1,HARNESS,DESKTOP-584MV4B
REQUEST,2025-08-23T03:39:01.8884737Z,1755920341888,ORD-435,104.35,,,,,1,,,,ORD-435,Sell,SELL,Market,REQUEST,,,104.35,,1,,HARNESS,DESKTOP-584MV4B
ACK,2025-08-23T03:39:01.8892955Z,1755920341889,ORD-435,104.35,,,,,1,,,,ORD-435,Sell,SELL,Market,ACK,,1,104.35,,1,,HARNESS,DESKTOP-584MV4B
FILL,2025-08-23T03:39:01.8897154Z,1755920341889,ORD-435,104.35,,104.34949999999999,,,1,1,-0.0005000000000023874,filled,ORD-435,Sell,SELL,Market,FILL,filled,1,104.35,104.34949999999999,1,1,HARNESS,DESKTOP-584MV4B
REQUEST,2025-08-23T03:39:02.1602010Z,1755920342160,ORD-450,104.5,104.45,,,,1,,,,ORD-450,Buy,BUY,Market,REQUEST,,,104.5,,1,,HARNESS,DESKTOP-584MV4B
ACK,2025-08-23T03:39:02.1608380Z,1755920342160,ORD-450,104.5,104.45,,,,1,,,,ORD-450,Buy,BUY,Market,ACK,,0,104.5,,1,,HARNESS,DESKTOP-584MV4B
FILL,2025-08-23T03:39:02.1612096Z,1755920342161,ORD-450,104.5,104.45,104.5005,,,1,1,0.0005000000000023874,filled,ORD-450,Buy,BUY,Market,FILL,filled,1,104.5,104.5005,1,1,HARNESS,DESKTOP-584MV4B
REQUEST,2025-08-23T03:39:02.3864729Z,1755920342386,ORD-465,104.65,,,,,1,,,,ORD-465,Sell,SELL,Market,REQUEST,,,104.65,,1,,HARNESS,DESKTOP-584MV4B
ACK,2025-08-23T03:39:02.3872127Z,1755920342387,ORD-465,104.65,,,,,1,,,,ORD-465,Sell,SELL,Market,ACK,,1,104.65,,1,,HARNESS,DESKTOP-584MV4B
FILL,2025-08-23T03:39:02.3876175Z,1755920342387,ORD-465,104.65,,104.6495,,,1,1,-0.0005000000000023874,filled,ORD-465,Sell,SELL,Market,FILL,filled,1,104.65,104.6495,1,1,HARNESS,DESKTOP-584MV4B
REQUEST,2025-08-23T03:39:02.6605292Z,1755920342660,ORD-480,104.8,104.75,,,,1,,,,ORD-480,Buy,BUY,Market,REQUEST,,,104.8,,1,,HARNESS,DESKTOP-584MV4B
ACK,2025-08-23T03:39:02.6612624Z,1755920342661,ORD-480,104.8,104.75,,,,1,,,,ORD-480,Buy,BUY,Market,ACK,,1,104.8,,1,,HARNESS,DESKTOP-584MV4B
FILL,2025-08-23T03:39:02.6616367Z,1755920342661,ORD-480,104.8,104.75,104.8005,,,1,1,0.0005000000000023874,filled,ORD-480,Buy,BUY,Market,FILL,filled,1,104.8,104.8005,1,1,HARNESS,DESKTOP-584MV4B
REQUEST,2025-08-23T03:39:02.8853939Z,1755920342885,ORD-495,104.95,,,,,1,,,,ORD-495,Sell,SELL,Market,REQUEST,,,104.95,,1,,HARNESS,DESKTOP-584MV4B
ACK,2025-08-23T03:39:02.8861685Z,1755920342886,ORD-495,104.95,,,,,1,,,,ORD-495,Sell,SELL,Market,ACK,,1,104.95,,1,,HARNESS,DESKTOP-584MV4B
FILL,2025-08-23T03:39:02.8866147Z,1755920342886,ORD-495,104.95,,104.9495,,,1,1,-0.0005000000000023874,filled,ORD-495,Sell,SELL,Market,FILL,filled,1,104.95,104.9495,1,1,HARNESS,DESKTOP-584MV4B
REQUEST,2025-08-23T03:39:03.1609931Z,1755920343160,ORD-510,105.1,105.05,,,,1,,,,ORD-510,Buy,BUY,Market,REQUEST,,,105.1,,1,,HARNESS,DESKTOP-584MV4B
ACK,2025-08-23T03:39:03.1616915Z,1755920343161,ORD-510,105.1,105.05,,,,1,,,,ORD-510,Buy,BUY,Market,ACK,,1,105.1,,1,,HARNESS,DESKTOP-584MV4B
FILL,2025-08-23T03:39:03.1621016Z,1755920343162,ORD-510,105.1,105.05,105.1005,,,1,1,0.0005000000000023874,filled,ORD-510,Buy,BUY,Market,FILL,filled,2,105.1,105.1005,1,1,HARNESS,DESKTOP-584MV4B
REQUEST,2025-08-23T03:39:03.3864098Z,1755920343386,ORD-525,105.25,,,,,1,,,,ORD-525,Sell,SELL,Market,REQUEST,,,105.25,,1,,HARNESS,DESKTOP-584MV4B
ACK,2025-08-23T03:39:03.3870481Z,1755920343387,ORD-525,105.25,,,,,1,,,,ORD-525,Sell,SELL,Market,ACK,,1,105.25,,1,,HARNESS,DESKTOP-584MV4B
FILL,2025-08-23T03:39:03.3874216Z,1755920343387,ORD-525,105.25,,105.2495,,,1,1,-0.0005000000000023874,filled,ORD-525,Sell,SELL,Market,FILL,filled,1,105.25,105.2495,1,1,HARNESS,DESKTOP-584MV4B
REQUEST,2025-08-23T03:39:03.6574966Z,1755920343657,ORD-540,105.4,105.35000000000001,,,,1,,,,ORD-540,Buy,BUY,Market,REQUEST,,,105.4,,1,,HARNESS,DESKTOP-584MV4B
ACK,2025-08-23T03:39:03.6583213Z,1755920343658,ORD-540,105.4,105.35000000000001,,,,1,,,,ORD-540,Buy,BUY,Market,ACK,,1,105.4,,1,,HARNESS,DESKTOP-584MV4B
FILL,2025-08-23T03:39:03.6587375Z,1755920343658,ORD-540,105.4,105.35000000000001,105.40050000000001,,,1,1,0.0005000000000023874,filled,ORD-540,Buy,BUY,Market,FILL,filled,1,105.4,105.40050000000001,1,1,HARNESS,DESKTOP-584MV4B
REQUEST,2025-08-23T03:39:03.8815834Z,1755920343881,ORD-555,105.55,,,,,1,,,,ORD-555,Sell,SELL,Market,REQUEST,,,105.55,,1,,HARNESS,DESKTOP-584MV4B
ACK,2025-08-23T03:39:03.8822897Z,1755920343882,ORD-555,105.55,,,,,1,,,,ORD-555,Sell,SELL,Market,ACK,,1,105.55,,1,,HARNESS,DESKTOP-584MV4B
FILL,2025-08-23T03:39:03.8825740Z,1755920343882,ORD-555,105.55,,105.5495,,,1,1,-0.0005000000000023874,filled,ORD-555,Sell,SELL,Market,FILL,filled,1,105.55,105.5495,1,1,HARNESS,DESKTOP-584MV4B
REQUEST,2025-08-23T03:39:04.1199010Z,1755920344119,ORD-570,105.7,105.65,,,,1,,,,ORD-570,Buy,BUY,Market,REQUEST,,,105.7,,1,,HARNESS,DESKTOP-584MV4B
ACK,2025-08-23T03:39:04.1206328Z,1755920344120,ORD-570,105.7,105.65,,,,1,,,,ORD-570,Buy,BUY,Market,ACK,,1,105.7,,1,,HARNESS,DESKTOP-584MV4B
FILL,2025-08-23T03:39:04.1210641Z,1755920344121,ORD-570,105.7,105.65,105.7005,,,1,1,0.0005000000000023874,filled,ORD-570,Buy,BUY,Market,FILL,filled,2,105.7,105.7005,1,1,HARNESS,DESKTOP-584MV4B
REQUEST,2025-08-23T03:39:04.3560585Z,1755920344356,ORD-585,105.85,,,,,1,,,,ORD-585,Sell,SELL,Market,REQUEST,,,105.85,,1,,HARNESS,DESKTOP-584MV4B
ACK,2025-08-23T03:39:04.3567078Z,1755920344356,ORD-585,105.85,,,,,1,,,,ORD-585,Sell,SELL,Market,ACK,,0,105.85,,1,,HARNESS,DESKTOP-584MV4B
FILL,2025-08-23T03:39:04.3571398Z,1755920344357,ORD-585,105.85,,105.84949999999999,,,1,1,-0.0005000000000023874,filled,ORD-585,Sell,SELL,Market,FILL,filled,1,105.85,105.84949999999999,1,1,HARNESS,DESKTOP-584MV4B
REQUEST,2025-08-23T03:39:04.6278933Z,1755920344627,ORD-600,106,105.95,,,,1,,,,ORD-600,Buy,BUY,Market,REQUEST,,,106,,1,,HARNESS,DESKTOP-584MV4B
ACK,2025-08-23T03:39:04.6286756Z,1755920344628,ORD-600,106,105.95,,,,1,,,,ORD-600,Buy,BUY,Market,ACK,,1,106,,1,,HARNESS,DESKTOP-584MV4B
FILL,2025-08-23T03:39:04.6291194Z,1755920344629,ORD-600,106,105.95,106.0005,,,1,1,0.0005000000000023874,filled,ORD-600,Buy,BUY,Market,FILL,filled,2,106,106.0005,1,1,HARNESS,DESKTOP-584MV4B
REQUEST,2025-08-23T03:39:04.8522487Z,1755920344852,ORD-615,106.15,,,,,1,,,,ORD-615,Sell,SELL,Market,REQUEST,,,106.15,,1,,HARNESS,DESKTOP-584MV4B
ACK,2025-08-23T03:39:04.8530606Z,1755920344853,ORD-615,106.15,,,,,1,,,,ORD-615,Sell,SELL,Market,ACK,,1,106.15,,1,,HARNESS,DESKTOP-584MV4B
FILL,2025-08-23T03:39:04.8535772Z,1755920344853,ORD-615,106.15,,106.1495,,,1,1,-0.0005000000000023874,filled,ORD-615,Sell,SELL,Market,FILL,filled,1,106.15,106.1495,1,1,HARNESS,DESKTOP-584MV4B
REQUEST,2025-08-23T03:39:05.1140403Z,1755920345114,ORD-630,106.3,106.25,,,,1,,,,ORD-630,Buy,BUY,Market,REQUEST,,,106.3,,1,,HARNESS,DESKTOP-584MV4B
ACK,2025-08-23T03:39:05.1148012Z,1755920345114,ORD-630,106.3,106.25,,,,1,,,,ORD-630,Buy,BUY,Market,ACK,,0,106.3,,1,,HARNESS,DESKTOP-584MV4B
FILL,2025-08-23T03:39:05.1156350Z,1755920345115,ORD-630,106.3,106.25,106.3005,,,1,1,0.0005000000000023874,filled,ORD-630,Buy,BUY,Market,FILL,filled,1,106.3,106.3005,1,1,HARNESS,DESKTOP-584MV4B
REQUEST,2025-08-23T03:39:05.3532897Z,1755920345353,ORD-645,106.45,,,,,1,,,,ORD-645,Sell,SELL,Market,REQUEST,,,106.45,,1,,HARNESS,DESKTOP-584MV4B
ACK,2025-08-23T03:39:05.3540145Z,1755920345354,ORD-645,106.45,,,,,1,,,,ORD-645,Sell,SELL,Market,ACK,,1,106.45,,1,,HARNESS,DESKTOP-584MV4B
FILL,2025-08-23T03:39:05.3544130Z,1755920345354,ORD-645,106.45,,106.4495,,,1,1,-0.0005000000000023874,filled,ORD-645,Sell,SELL,Market,FILL,filled,1,106.45,106.4495,1,1,HARNESS,DESKTOP-584MV4B
REQUEST,2025-08-23T03:39:05.5914397Z,1755920345591,ORD-660,106.6,106.55,,,,1,,,,ORD-660,Buy,BUY,Market,REQUEST,,,106.6,,1,,HARNESS,DESKTOP-584MV4B
ACK,2025-08-23T03:39:05.5922248Z,1755920345592,ORD-660,106.6,106.55,,,,1,,,,ORD-660,Buy,BUY,Market,ACK,,1,106.6,,1,,HARNESS,DESKTOP-584MV4B
FILL,2025-08-23T03:39:05.5926506Z,1755920345592,ORD-660,106.6,106.55,106.6005,,,1,1,0.0005000000000023874,filled,ORD-660,Buy,BUY,Market,FILL,filled,1,106.6,106.6005,1,1,HARNESS,DESKTOP-584MV4B
REQUEST,2025-08-23T03:39:05.8219739Z,1755920345821,ORD-675,106.75,,,,,1,,,,ORD-675,Sell,SELL,Market,REQUEST,,,106.75,,1,,HARNESS,DESKTOP-584MV4B
ACK,2025-08-23T03:39:05.8228489Z,1755920345822,ORD-675,106.75,,,,,1,,,,ORD-675,Sell,SELL,Market,ACK,,1,106.75,,1,,HARNESS,DESKTOP-584MV4B
FILL,2025-08-23T03:39:05.8232779Z,1755920345823,ORD-675,106.75,,106.7495,,,1,1,-0.0005000000000023874,filled,ORD-675,Sell,SELL,Market,FILL,filled,2,106.75,106.7495,1,1,HARNESS,DESKTOP-584MV4B
REQUEST,2025-08-23T03:39:06.0928623Z,1755920346092,ORD-690,106.9,106.85000000000001,,,,1,,,,ORD-690,Buy,BUY,Market,REQUEST,,,106.9,,1,,HARNESS,DESKTOP-584MV4B
ACK,2025-08-23T03:39:06.0936738Z,1755920346093,ORD-690,106.9,106.85000000000001,,,,1,,,,ORD-690,Buy,BUY,Market,ACK,,1,106.9,,1,,HARNESS,DESKTOP-584MV4B
FILL,2025-08-23T03:39:06.0940323Z,1755920346094,ORD-690,106.9,106.85000000000001,106.90050000000001,,,1,1,0.0005000000000023874,filled,ORD-690,Buy,BUY,Market,FILL,filled,2,106.9,106.90050000000001,1,1,HARNESS,DESKTOP-584MV4B
REQUEST,2025-08-23T03:39:06.3162796Z,1755920346316,ORD-705,107.05,,,,,1,,,,ORD-705,Sell,SELL,Market,REQUEST,,,107.05,,1,,HARNESS,DESKTOP-584MV4B
ACK,2025-08-23T03:39:06.3171554Z,1755920346317,ORD-705,107.05,,,,,1,,,,ORD-705,Sell,SELL,Market,ACK,,1,107.05,,1,,HARNESS,DESKTOP-584MV4B
FILL,2025-08-23T03:39:06.3178486Z,1755920346317,ORD-705,107.05,,107.0495,,,1,1,-0.0005000000000023874,filled,ORD-705,Sell,SELL,Market,FILL,filled,1,107.05,107.0495,1,1,HARNESS,DESKTOP-584MV4B
REQUEST,2025-08-23T03:39:06.5870069Z,1755920346587,ORD-720,107.2,107.15,,,,1,,,,ORD-720,Buy,BUY,Market,REQUEST,,,107.2,,1,,HARNESS,DESKTOP-584MV4B
ACK,2025-08-23T03:39:06.5876535Z,1755920346587,ORD-720,107.2,107.15,,,,1,,,,ORD-720,Buy,BUY,Market,ACK,,0,107.2,,1,,HARNESS,DESKTOP-584MV4B
FILL,2025-08-23T03:39:06.5880730Z,1755920346588,ORD-720,107.2,107.15,107.2005,,,1,1,0.0005000000000023874,filled,ORD-720,Buy,BUY,Market,FILL,filled,1,107.2,107.2005,1,1,HARNESS,DESKTOP-584MV4B
REQUEST,2025-08-23T03:39:06.8104964Z,1755920346810,ORD-735,107.35,,,,,1,,,,ORD-735,Sell,SELL,Market,REQUEST,,,107.35,,1,,HARNESS,DESKTOP-584MV4B
ACK,2025-08-23T03:39:06.8111220Z,1755920346811,ORD-735,107.35,,,,,1,,,,ORD-735,Sell,SELL,Market,ACK,,1,107.35,,1,,HARNESS,DESKTOP-584MV4B
FILL,2025-08-23T03:39:06.8115501Z,1755920346811,ORD-735,107.35,,107.34949999999999,,,1,1,-0.0005000000000023874,filled,ORD-735,Sell,SELL,Market,FILL,filled,1,107.35,107.34949999999999,1,1,HARNESS,DESKTOP-584MV4B
REQUEST,2025-08-23T03:39:07.0661242Z,1755920347066,ORD-750,107.5,107.45,,,,1,,,,ORD-750,Buy,BUY,Market,REQUEST,,,107.5,,1,,HARNESS,DESKTOP-584MV4B
ACK,2025-08-23T03:39:07.0669029Z,1755920347066,ORD-750,107.5,107.45,,,,1,,,,ORD-750,Buy,BUY,Market,ACK,,0,107.5,,1,,HARNESS,DESKTOP-584MV4B
FILL,2025-08-23T03:39:07.0672104Z,1755920347067,ORD-750,107.5,107.45,107.5005,,,1,1,0.0005000000000023874,filled,ORD-750,Buy,BUY,Market,FILL,filled,1,107.5,107.5005,1,1,HARNESS,DESKTOP-584MV4B
REQUEST,2025-08-23T03:39:07.2969690Z,1755920347296,ORD-765,107.65,,,,,1,,,,ORD-765,Sell,SELL,Market,REQUEST,,,107.65,,1,,HARNESS,DESKTOP-584MV4B
ACK,2025-08-23T03:39:07.2976492Z,1755920347297,ORD-765,107.65,,,,,1,,,,ORD-765,Sell,SELL,Market,ACK,,1,107.65,,1,,HARNESS,DESKTOP-584MV4B
FILL,2025-08-23T03:39:07.2982167Z,1755920347298,ORD-765,107.65,,107.6495,,,1,1,-0.0005000000000023874,filled,ORD-765,Sell,SELL,Market,FILL,filled,2,107.65,107.6495,1,1,HARNESS,DESKTOP-584MV4B
REQUEST,2025-08-23T03:39:07.5724958Z,1755920347572,ORD-780,107.8,107.75,,,,1,,,,ORD-780,Buy,BUY,Market,REQUEST,,,107.8,,1,,HARNESS,DESKTOP-584MV4B
ACK,2025-08-23T03:39:07.5731164Z,1755920347573,ORD-780,107.8,107.75,,,,1,,,,ORD-780,Buy,BUY,Market,ACK,,1,107.8,,1,,HARNESS,DESKTOP-584MV4B
FILL,2025-08-23T03:39:07.5734663Z,1755920347573,ORD-780,107.8,107.75,107.8005,,,1,1,0.0005000000000023874,filled,ORD-780,Buy,BUY,Market,FILL,filled,1,107.8,107.8005,1,1,HARNESS,DESKTOP-584MV4B
REQUEST,2025-08-23T03:39:07.8103639Z,1755920347810,ORD-795,107.95,,,,,1,,,,ORD-795,Sell,SELL,Market,REQUEST,,,107.95,,1,,HARNESS,DESKTOP-584MV4B
ACK,2025-08-23T03:39:07.8113925Z,1755920347811,ORD-795,107.95,,,,,1,,,,ORD-795,Sell,SELL,Market,ACK,,1,107.95,,1,,HARNESS,DESKTOP-584MV4B
FILL,2025-08-23T03:39:07.8119527Z,1755920347811,ORD-795,107.95,,107.9495,,,1,1,-0.0005000000000023874,filled,ORD-795,Sell,SELL,Market,FILL,filled,1,107.95,107.9495,1,1,HARNESS,DESKTOP-584MV4B
REQUEST,2025-08-23T03:39:08.0832321Z,1755920348083,ORD-810,108.1,108.05,,,,1,,,,ORD-810,Buy,BUY,Market,REQUEST,,,108.1,,1,,HARNESS,DESKTOP-584MV4B
ACK,2025-08-23T03:39:08.0839568Z,1755920348083,ORD-810,108.1,108.05,,,,1,,,,ORD-810,Buy,BUY,Market,ACK,,0,108.1,,1,,HARNESS,DESKTOP-584MV4B
FILL,2025-08-23T03:39:08.0846692Z,1755920348084,ORD-810,108.1,108.05,108.1005,,,1,1,0.0005000000000023874,filled,ORD-810,Buy,BUY,Market,FILL,filled,1,108.1,108.1005,1,1,HARNESS,DESKTOP-584MV4B
REQUEST,2025-08-23T03:39:08.3105053Z,1755920348310,ORD-825,108.25,,,,,1,,,,ORD-825,Sell,SELL,Market,REQUEST,,,108.25,,1,,HARNESS,DESKTOP-584MV4B
ACK,2025-08-23T03:39:08.3115084Z,1755920348311,ORD-825,108.25,,,,,1,,,,ORD-825,Sell,SELL,Market,ACK,,1,108.25,,1,,HARNESS,DESKTOP-584MV4B
FILL,2025-08-23T03:39:08.3119718Z,1755920348311,ORD-825,108.25,,108.2495,,,1,1,-0.0005000000000023874,filled,ORD-825,Sell,SELL,Market,FILL,filled,1,108.25,108.2495,1,1,HARNESS,DESKTOP-584MV4B
REQUEST,2025-08-23T03:39:08.5757762Z,1755920348575,ORD-840,108.4,108.35000000000001,,,,1,,,,ORD-840,Buy,BUY,Market,REQUEST,,,108.4,,1,,HARNESS,DESKTOP-584MV4B
ACK,2025-08-23T03:39:08.5765614Z,1755920348576,ORD-840,108.4,108.35000000000001,,,,1,,,,ORD-840,Buy,BUY,Market,ACK,,1,108.4,,1,,HARNESS,DESKTOP-584MV4B
FILL,2025-08-23T03:39:08.5769480Z,1755920348576,ORD-840,108.4,108.35000000000001,108.40050000000001,,,1,1,0.0005000000000023874,filled,ORD-840,Buy,BUY,Market,FILL,filled,1,108.4,108.40050000000001,1,1,HARNESS,DESKTOP-584MV4B
REQUEST,2025-08-23T03:39:08.8109097Z,1755920348810,ORD-855,108.55,,,,,1,,,,ORD-855,Sell,SELL,Market,REQUEST,,,108.55,,1,,HARNESS,DESKTOP-584MV4B
ACK,2025-08-23T03:39:08.8116082Z,1755920348811,ORD-855,108.55,,,,,1,,,,ORD-855,Sell,SELL,Market,ACK,,1,108.55,,1,,HARNESS,DESKTOP-584MV4B
FILL,2025-08-23T03:39:08.8119971Z,1755920348811,ORD-855,108.55,,108.5495,,,1,1,-0.0005000000000023874,filled,ORD-855,Sell,SELL,Market,FILL,filled,1,108.55,108.5495,1,1,HARNESS,DESKTOP-584MV4B
REQUEST,2025-08-23T03:39:09.0918679Z,1755920349091,ORD-870,108.7,108.65,,,,1,,,,ORD-870,Buy,BUY,Market,REQUEST,,,108.7,,1,,HARNESS,DESKTOP-584MV4B
ACK,2025-08-23T03:39:09.0927204Z,1755920349092,ORD-870,108.7,108.65,,,,1,,,,ORD-870,Buy,BUY,Market,ACK,,1,108.7,,1,,HARNESS,DESKTOP-584MV4B
FILL,2025-08-23T03:39:09.0932778Z,1755920349093,ORD-870,108.7,108.65,108.7005,,,1,1,0.0005000000000023874,filled,ORD-870,Buy,BUY,Market,FILL,filled,2,108.7,108.7005,1,1,HARNESS,DESKTOP-584MV4B
REQUEST,2025-08-23T03:39:09.3376211Z,1755920349337,ORD-885,108.85,,,,,1,,,,ORD-885,Sell,SELL,Market,REQUEST,,,108.85,,1,,HARNESS,DESKTOP-584MV4B
ACK,2025-08-23T03:39:09.3382682Z,1755920349338,ORD-885,108.85,,,,,1,,,,ORD-885,Sell,SELL,Market,ACK,,1,108.85,,1,,HARNESS,DESKTOP-584MV4B
FILL,2025-08-23T03:39:09.3386442Z,1755920349338,ORD-885,108.85,,108.84949999999999,,,1,1,-0.0005000000000023874,filled,ORD-885,Sell,SELL,Market,FILL,filled,1,108.85,108.84949999999999,1,1,HARNESS,DESKTOP-584MV4B
REQUEST,2025-08-23T03:39:09.5751024Z,1755920349575,ORD-900,109,108.95,,,,1,,,,ORD-900,Buy,BUY,Market,REQUEST,,,109,,1,,HARNESS,DESKTOP-584MV4B
ACK,2025-08-23T03:39:09.5757822Z,1755920349575,ORD-900,109,108.95,,,,1,,,,ORD-900,Buy,BUY,Market,ACK,,0,109,,1,,HARNESS,DESKTOP-584MV4B
FILL,2025-08-23T03:39:09.5762209Z,1755920349576,ORD-900,109,108.95,109.0005,,,1,1,0.0005000000000023874,filled,ORD-900,Buy,BUY,Market,FILL,filled,1,109,109.0005,1,1,HARNESS,DESKTOP-584MV4B
REQUEST,2025-08-23T03:39:09.8095049Z,1755920349809,ORD-915,109.15,,,,,1,,,,ORD-915,Sell,SELL,Market,REQUEST,,,109.15,,1,,HARNESS,DESKTOP-584MV4B
ACK,2025-08-23T03:39:09.8102040Z,1755920349810,ORD-915,109.15,,,,,1,,,,ORD-915,Sell,SELL,Market,ACK,,1,109.15,,1,,HARNESS,DESKTOP-584MV4B
FILL,2025-08-23T03:39:09.8106452Z,1755920349810,ORD-915,109.15,,109.1495,,,1,1,-0.0005000000000023874,filled,ORD-915,Sell,SELL,Market,FILL,filled,1,109.15,109.1495,1,1,HARNESS,DESKTOP-584MV4B
REQUEST,2025-08-23T03:39:10.0842003Z,1755920350084,ORD-930,109.3,109.25,,,,1,,,,ORD-930,Buy,BUY,Market,REQUEST,,,109.3,,1,,HARNESS,DESKTOP-584MV4B
ACK,2025-08-23T03:39:10.0848688Z,1755920350084,ORD-930,109.3,109.25,,,,1,,,,ORD-930,Buy,BUY,Market,ACK,,0,109.3,,1,,HARNESS,DESKTOP-584MV4B
FILL,2025-08-23T03:39:10.0852434Z,1755920350085,ORD-930,109.3,109.25,109.3005,,,1,1,0.0005000000000023874,filled,ORD-930,Buy,BUY,Market,FILL,filled,1,109.3,109.3005,1,1,HARNESS,DESKTOP-584MV4B
REQUEST,2025-08-23T03:39:10.3117099Z,1755920350311,ORD-945,109.45,,,,,1,,,,ORD-945,Sell,SELL,Market,REQUEST,,,109.45,,1,,HARNESS,DESKTOP-584MV4B
ACK,2025-08-23T03:39:10.3124354Z,1755920350312,ORD-945,109.45,,,,,1,,,,ORD-945,Sell,SELL,Market,ACK,,1,109.45,,1,,HARNESS,DESKTOP-584MV4B
FILL,2025-08-23T03:39:10.3128830Z,1755920350312,ORD-945,109.45,,109.4495,,,1,1,-0.0005000000000023874,filled,ORD-945,Sell,SELL,Market,FILL,filled,1,109.45,109.4495,1,1,HARNESS,DESKTOP-584MV4B
REQUEST,2025-08-23T03:39:10.5807085Z,1755920350580,ORD-960,109.6,109.55,,,,1,,,,ORD-960,Buy,BUY,Market,REQUEST,,,109.6,,1,,HARNESS,DESKTOP-584MV4B
ACK,2025-08-23T03:39:10.5812486Z,1755920350581,ORD-960,109.6,109.55,,,,1,,,,ORD-960,Buy,BUY,Market,ACK,,1,109.6,,1,,HARNESS,DESKTOP-584MV4B
FILL,2025-08-23T03:39:10.5818431Z,1755920350581,ORD-960,109.6,109.55,109.6005,,,1,1,0.0005000000000023874,filled,ORD-960,Buy,BUY,Market,FILL,filled,1,109.6,109.6005,1,1,HARNESS,DESKTOP-584MV4B
REQUEST,2025-08-23T03:39:10.8091109Z,1755920350809,ORD-975,109.75,,,,,1,,,,ORD-975,Sell,SELL,Market,REQUEST,,,109.75,,1,,HARNESS,DESKTOP-584MV4B
ACK,2025-08-23T03:39:10.8100296Z,1755920350810,ORD-975,109.75,,,,,1,,,,ORD-975,Sell,SELL,Market,ACK,,1,109.75,,1,,HARNESS,DESKTOP-584MV4B
FILL,2025-08-23T03:39:10.8104464Z,1755920350810,ORD-975,109.75,,109.7495,,,1,1,-0.0005000000000023874,filled,ORD-975,Sell,SELL,Market,FILL,filled,1,109.75,109.7495,1,1,HARNESS,DESKTOP-584MV4B
REQUEST,2025-08-23T03:39:11.0535710Z,1755920351053,ORD-990,109.9,109.85000000000001,,,,1,,,,ORD-990,Buy,BUY,Market,REQUEST,,,109.9,,1,,HARNESS,DESKTOP-584MV4B
ACK,2025-08-23T03:39:11.0544136Z,1755920351054,ORD-990,109.9,109.85000000000001,,,,1,,,,ORD-990,Buy,BUY,Market,ACK,,1,109.9,,1,,HARNESS,DESKTOP-584MV4B
FILL,2025-08-23T03:39:11.0548547Z,1755920351054,ORD-990,109.9,109.85000000000001,109.90050000000001,,,1,1,0.0005000000000023874,filled,ORD-990,Buy,BUY,Market,FILL,filled,1,109.9,109.90050000000001,1,1,HARNESS,DESKTOP-584MV4B
REQUEST,2025-08-23T03:39:11.2927509Z,1755920351292,ORD-1005,110.05,,,,,1,,,,ORD-1005,Sell,SELL,Market,REQUEST,,,110.05,,1,,HARNESS,DESKTOP-584MV4B
ACK,2025-08-23T03:39:11.2935467Z,1755920351293,ORD-1005,110.05,,,,,1,,,,ORD-1005,Sell,SELL,Market,ACK,,1,110.05,,1,,HARNESS,DESKTOP-584MV4B
FILL,2025-08-23T03:39:11.2939648Z,1755920351293,ORD-1005,110.05,,110.0495,,,1,1,-0.0005000000000023874,filled,ORD-1005,Sell,SELL,Market,FILL,filled,1,110.05,110.0495,1,1,HARNESS,DESKTOP-584MV4B
REQUEST,2025-08-23T03:39:11.5674111Z,1755920351567,ORD-1020,110.2,110.15,,,,1,,,,ORD-1020,Buy,BUY,Market,REQUEST,,,110.2,,1,,HARNESS,DESKTOP-584MV4B
ACK,2025-08-23T03:39:11.5682069Z,1755920351568,ORD-1020,110.2,110.15,,,,1,,,,ORD-1020,Buy,BUY,Market,ACK,,1,110.2,,1,,HARNESS,DESKTOP-584MV4B
FILL,2025-08-23T03:39:11.5686071Z,1755920351568,ORD-1020,110.2,110.15,110.2005,,,1,1,0.0005000000000023874,filled,ORD-1020,Buy,BUY,Market,FILL,filled,1,110.2,110.2005,1,1,HARNESS,DESKTOP-584MV4B
REQUEST,2025-08-23T03:39:11.8066281Z,1755920351806,ORD-1035,110.35,,,,,1,,,,ORD-1035,Sell,SELL,Market,REQUEST,,,110.35,,1,,HARNESS,DESKTOP-584MV4B
ACK,2025-08-23T03:39:11.8074592Z,1755920351807,ORD-1035,110.35,,,,,1,,,,ORD-1035,Sell,SELL,Market,ACK,,1,110.35,,1,,HARNESS,DESKTOP-584MV4B
FILL,2025-08-23T03:39:11.8079235Z,1755920351807,ORD-1035,110.35,,110.34949999999999,,,1,1,-0.0005000000000023874,filled,ORD-1035,Sell,SELL,Market,FILL,filled,1,110.35,110.34949999999999,1,1,HARNESS,DESKTOP-584MV4B
REQUEST,2025-08-23T03:39:12.0777291Z,1755920352077,ORD-1050,110.5,110.45,,,,1,,,,ORD-1050,Buy,BUY,Market,REQUEST,,,110.5,,1,,HARNESS,DESKTOP-584MV4B
ACK,2025-08-23T03:39:12.0785631Z,1755920352078,ORD-1050,110.5,110.45,,,,1,,,,ORD-1050,Buy,BUY,Market,ACK,,1,110.5,,1,,HARNESS,DESKTOP-584MV4B
FILL,2025-08-23T03:39:12.0789068Z,1755920352078,ORD-1050,110.5,110.45,110.5005,,,1,1,0.0005000000000023874,filled,ORD-1050,Buy,BUY,Market,FILL,filled,1,110.5,110.5005,1,1,HARNESS,DESKTOP-584MV4B
REQUEST,2025-08-23T03:39:12.3043039Z,1755920352304,ORD-1065,110.65,,,,,1,,,,ORD-1065,Sell,SELL,Market,REQUEST,,,110.65,,1,,HARNESS,DESKTOP-584MV4B
ACK,2025-08-23T03:39:12.3050988Z,1755920352305,ORD-1065,110.65,,,,,1,,,,ORD-1065,Sell,SELL,Market,ACK,,1,110.65,,1,,HARNESS,DESKTOP-584MV4B
FILL,2025-08-23T03:39:12.3055151Z,1755920352305,ORD-1065,110.65,,110.6495,,,1,1,-0.0005000000000023874,filled,ORD-1065,Sell,SELL,Market,FILL,filled,1,110.65,110.6495,1,1,HARNESS,DESKTOP-584MV4B
REQUEST,2025-08-23T03:39:12.5845504Z,1755920352584,ORD-1080,110.8,110.75,,,,1,,,,ORD-1080,Buy,BUY,Market,REQUEST,,,110.8,,1,,HARNESS,DESKTOP-584MV4B
ACK,2025-08-23T03:39:12.5852412Z,1755920352585,ORD-1080,110.8,110.75,,,,1,,,,ORD-1080,Buy,BUY,Market,ACK,,1,110.8,,1,,HARNESS,DESKTOP-584MV4B
FILL,2025-08-23T03:39:12.5856433Z,1755920352585,ORD-1080,110.8,110.75,110.8005,,,1,1,0.0005000000000023874,filled,ORD-1080,Buy,BUY,Market,FILL,filled,1,110.8,110.8005,1,1,HARNESS,DESKTOP-584MV4B
REQUEST,2025-08-23T03:39:12.8216815Z,1755920352821,ORD-1095,110.95,,,,,1,,,,ORD-1095,Sell,SELL,Market,REQUEST,,,110.95,,1,,HARNESS,DESKTOP-584MV4B
ACK,2025-08-23T03:39:12.8224841Z,1755920352822,ORD-1095,110.95,,,,,1,,,,ORD-1095,Sell,SELL,Market,ACK,,1,110.95,,1,,HARNESS,DESKTOP-584MV4B
FILL,2025-08-23T03:39:12.8232267Z,1755920352823,ORD-1095,110.95,,110.9495,,,1,1,-0.0005000000000023874,filled,ORD-1095,Sell,SELL,Market,FILL,filled,2,110.95,110.9495,1,1,HARNESS,DESKTOP-584MV4B
REQUEST,2025-08-23T03:39:13.1010312Z,1755920353101,ORD-1110,111.1,111.05,,,,1,,,,ORD-1110,Buy,BUY,Market,REQUEST,,,111.1,,1,,HARNESS,DESKTOP-584MV4B
ACK,2025-08-23T03:39:13.1017048Z,1755920353101,ORD-1110,111.1,111.05,,,,1,,,,ORD-1110,Buy,BUY,Market,ACK,,0,111.1,,1,,HARNESS,DESKTOP-584MV4B
FILL,2025-08-23T03:39:13.1020478Z,1755920353102,ORD-1110,111.1,111.05,111.1005,,,1,1,0.0005000000000023874,filled,ORD-1110,Buy,BUY,Market,FILL,filled,1,111.1,111.1005,1,1,HARNESS,DESKTOP-584MV4B
REQUEST,2025-08-23T03:39:13.3246449Z,1755920353324,ORD-1125,111.25,,,,,1,,,,ORD-1125,Sell,SELL,Market,REQUEST,,,111.25,,1,,HARNESS,DESKTOP-584MV4B
ACK,2025-08-23T03:39:13.3254194Z,1755920353325,ORD-1125,111.25,,,,,1,,,,ORD-1125,Sell,SELL,Market,ACK,,1,111.25,,1,,HARNESS,DESKTOP-584MV4B
FILL,2025-08-23T03:39:13.3258685Z,1755920353325,ORD-1125,111.25,,111.2495,,,1,1,-0.0005000000000023874,filled,ORD-1125,Sell,SELL,Market,FILL,filled,1,111.25,111.2495,1,1,HARNESS,DESKTOP-584MV4B
REQUEST,2025-08-23T03:39:13.5935122Z,1755920353593,ORD-1140,111.4,111.35000000000001,,,,1,,,,ORD-1140,Buy,BUY,Market,REQUEST,,,111.4,,1,,HARNESS,DESKTOP-584MV4B
ACK,2025-08-23T03:39:13.5942844Z,1755920353594,ORD-1140,111.4,111.35000000000001,,,,1,,,,ORD-1140,Buy,BUY,Market,ACK,,1,111.4,,1,,HARNESS,DESKTOP-584MV4B
FILL,2025-08-23T03:39:13.5946956Z,1755920353594,ORD-1140,111.4,111.35000000000001,111.40050000000001,,,1,1,0.0005000000000023874,filled,ORD-1140,Buy,BUY,Market,FILL,filled,1,111.4,111.40050000000001,1,1,HARNESS,DESKTOP-584MV4B
REQUEST,2025-08-23T03:39:13.8298281Z,1755920353829,ORD-1155,111.55,,,,,1,,,,ORD-1155,Sell,SELL,Market,REQUEST,,,111.55,,1,,HARNESS,DESKTOP-584MV4B
ACK,2025-08-23T03:39:13.8306411Z,1755920353830,ORD-1155,111.55,,,,,1,,,,ORD-1155,Sell,SELL,Market,ACK,,1,111.55,,1,,HARNESS,DESKTOP-584MV4B
FILL,2025-08-23T03:39:13.8309962Z,1755920353830,ORD-1155,111.55,,111.5495,,,1,1,-0.0005000000000023874,filled,ORD-1155,Sell,SELL,Market,FILL,filled,1,111.55,111.5495,1,1,HARNESS,DESKTOP-584MV4B
REQUEST,2025-08-23T03:39:14.1020046Z,1755920354102,ORD-1170,111.7,111.65,,,,1,,,,ORD-1170,Buy,BUY,Market,REQUEST,,,111.7,,1,,HARNESS,DESKTOP-584MV4B
ACK,2025-08-23T03:39:14.1026757Z,1755920354102,ORD-1170,111.7,111.65,,,,1,,,,ORD-1170,Buy,BUY,Market,ACK,,0,111.7,,1,,HARNESS,DESKTOP-584MV4B
FILL,2025-08-23T03:39:14.1030007Z,1755920354103,ORD-1170,111.7,111.65,111.7005,,,1,1,0.0005000000000023874,filled,ORD-1170,Buy,BUY,Market,FILL,filled,1,111.7,111.7005,1,1,HARNESS,DESKTOP-584MV4B
REQUEST,2025-08-23T03:39:14.3264702Z,1755920354326,ORD-1185,111.85,,,,,1,,,,ORD-1185,Sell,SELL,Market,REQUEST,,,111.85,,1,,HARNESS,DESKTOP-584MV4B
ACK,2025-08-23T03:39:14.3272479Z,1755920354327,ORD-1185,111.85,,,,,1,,,,ORD-1185,Sell,SELL,Market,ACK,,1,111.85,,1,,HARNESS,DESKTOP-584MV4B
FILL,2025-08-23T03:39:14.3278189Z,1755920354327,ORD-1185,111.85,,111.84949999999999,,,1,1,-0.0005000000000023874,filled,ORD-1185,Sell,SELL,Market,FILL,filled,1,111.85,111.84949999999999,1,1,HARNESS,DESKTOP-584MV4B
REQUEST,2025-08-23T03:39:14.5977734Z,1755920354597,ORD-1200,112,111.95,,,,1,,,,ORD-1200,Buy,BUY,Market,REQUEST,,,112,,1,,HARNESS,DESKTOP-584MV4B
ACK,2025-08-23T03:39:14.5986010Z,1755920354598,ORD-1200,112,111.95,,,,1,,,,ORD-1200,Buy,BUY,Market,ACK,,1,112,,1,,HARNESS,DESKTOP-584MV4B
FILL,2025-08-23T03:39:14.5990415Z,1755920354599,ORD-1200,112,111.95,112.0005,,,1,1,0.0005000000000023874,filled,ORD-1200,Buy,BUY,Market,FILL,filled,2,112,112.0005,1,1,HARNESS,DESKTOP-584MV4B
REQUEST,2025-08-23T03:39:14.8315816Z,1755920354831,ORD-1215,112.15,,,,,1,,,,ORD-1215,Sell,SELL,Market,REQUEST,,,112.15,,1,,HARNESS,DESKTOP-584MV4B
ACK,2025-08-23T03:39:14.8331526Z,1755920354833,ORD-1215,112.15,,,,,1,,,,ORD-1215,Sell,SELL,Market,ACK,,2,112.15,,1,,HARNESS,DESKTOP-584MV4B
FILL,2025-08-23T03:39:14.8336939Z,1755920354833,ORD-1215,112.15,,112.1495,,,1,1,-0.0005000000000023874,filled,ORD-1215,Sell,SELL,Market,FILL,filled,2,112.15,112.1495,1,1,HARNESS,DESKTOP-584MV4B
REQUEST,2025-08-23T03:39:15.0704459Z,1755920355070,ORD-1230,112.3,112.25,,,,1,,,,ORD-1230,Buy,BUY,Market,REQUEST,,,112.3,,1,,HARNESS,DESKTOP-584MV4B
ACK,2025-08-23T03:39:15.0712269Z,1755920355071,ORD-1230,112.3,112.25,,,,1,,,,ORD-1230,Buy,BUY,Market,ACK,,1,112.3,,1,,HARNESS,DESKTOP-584MV4B
FILL,2025-08-23T03:39:15.0715944Z,1755920355071,ORD-1230,112.3,112.25,112.3005,,,1,1,0.0005000000000023874,filled,ORD-1230,Buy,BUY,Market,FILL,filled,1,112.3,112.3005,1,1,HARNESS,DESKTOP-584MV4B
REQUEST,2025-08-23T03:39:15.3054222Z,1755920355305,ORD-1245,112.45,,,,,1,,,,ORD-1245,Sell,SELL,Market,REQUEST,,,112.45,,1,,HARNESS,DESKTOP-584MV4B
ACK,2025-08-23T03:39:15.3064256Z,1755920355306,ORD-1245,112.45,,,,,1,,,,ORD-1245,Sell,SELL,Market,ACK,,1,112.45,,1,,HARNESS,DESKTOP-584MV4B
FILL,2025-08-23T03:39:15.3069509Z,1755920355306,ORD-1245,112.45,,112.4495,,,1,1,-0.0005000000000023874,filled,ORD-1245,Sell,SELL,Market,FILL,filled,1,112.45,112.4495,1,1,HARNESS,DESKTOP-584MV4B
REQUEST,2025-08-23T03:39:15.5851174Z,1755920355585,ORD-1260,112.6,112.55,,,,1,,,,ORD-1260,Buy,BUY,Market,REQUEST,,,112.6,,1,,HARNESS,DESKTOP-584MV4B
ACK,2025-08-23T03:39:15.5858827Z,1755920355585,ORD-1260,112.6,112.55,,,,1,,,,ORD-1260,Buy,BUY,Market,ACK,,0,112.6,,1,,HARNESS,DESKTOP-584MV4B
FILL,2025-08-23T03:39:15.5863196Z,1755920355586,ORD-1260,112.6,112.55,112.6005,,,1,1,0.0005000000000023874,filled,ORD-1260,Buy,BUY,Market,FILL,filled,1,112.6,112.6005,1,1,HARNESS,DESKTOP-584MV4B
REQUEST,2025-08-23T03:39:15.8235256Z,1755920355823,ORD-1275,112.75,,,,,1,,,,ORD-1275,Sell,SELL,Market,REQUEST,,,112.75,,1,,HARNESS,DESKTOP-584MV4B
ACK,2025-08-23T03:39:15.8242277Z,1755920355824,ORD-1275,112.75,,,,,1,,,,ORD-1275,Sell,SELL,Market,ACK,,1,112.75,,1,,HARNESS,DESKTOP-584MV4B
FILL,2025-08-23T03:39:15.8248096Z,1755920355824,ORD-1275,112.75,,112.7495,,,1,1,-0.0005000000000023874,filled,ORD-1275,Sell,SELL,Market,FILL,filled,1,112.75,112.7495,1,1,HARNESS,DESKTOP-584MV4B
REQUEST,2025-08-23T03:39:16.1037968Z,1755920356103,ORD-1290,112.9,112.85000000000001,,,,1,,,,ORD-1290,Buy,BUY,Market,REQUEST,,,112.9,,1,,HARNESS,DESKTOP-584MV4B
ACK,2025-08-23T03:39:16.1045544Z,1755920356104,ORD-1290,112.9,112.85000000000001,,,,1,,,,ORD-1290,Buy,BUY,Market,ACK,,1,112.9,,1,,HARNESS,DESKTOP-584MV4B
FILL,2025-08-23T03:39:16.1049567Z,1755920356104,ORD-1290,112.9,112.85000000000001,112.90050000000001,,,1,1,0.0005000000000023874,filled,ORD-1290,Buy,BUY,Market,FILL,filled,1,112.9,112.90050000000001,1,1,HARNESS,DESKTOP-584MV4B
REQUEST,2025-08-23T03:39:16.3319709Z,1755920356331,ORD-1305,113.05,,,,,1,,,,ORD-1305,Sell,SELL,Market,REQUEST,,,113.05,,1,,HARNESS,DESKTOP-584MV4B
ACK,2025-08-23T03:39:16.3327806Z,1755920356332,ORD-1305,113.05,,,,,1,,,,ORD-1305,Sell,SELL,Market,ACK,,1,113.05,,1,,HARNESS,DESKTOP-584MV4B
FILL,2025-08-23T03:39:16.3332024Z,1755920356333,ORD-1305,113.05,,113.0495,,,1,1,-0.0005000000000023874,filled,ORD-1305,Sell,SELL,Market,FILL,filled,2,113.05,113.0495,1,1,HARNESS,DESKTOP-584MV4B
REQUEST,2025-08-23T03:39:16.5813639Z,1755920356581,ORD-1320,113.2,113.15,,,,1,,,,ORD-1320,Buy,BUY,Market,REQUEST,,,113.2,,1,,HARNESS,DESKTOP-584MV4B
ACK,2025-08-23T03:39:16.5822588Z,1755920356582,ORD-1320,113.2,113.15,,,,1,,,,ORD-1320,Buy,BUY,Market,ACK,,1,113.2,,1,,HARNESS,DESKTOP-584MV4B
FILL,2025-08-23T03:39:16.5835476Z,1755920356583,ORD-1320,113.2,113.15,113.2005,,,1,1,0.0005000000000023874,filled,ORD-1320,Buy,BUY,Market,FILL,filled,2,113.2,113.2005,1,1,HARNESS,DESKTOP-584MV4B
REQUEST,2025-08-23T03:39:16.8174779Z,1755920356817,ORD-1335,113.35,,,,,1,,,,ORD-1335,Sell,SELL,Market,REQUEST,,,113.35,,1,,HARNESS,DESKTOP-584MV4B
ACK,2025-08-23T03:39:16.8181532Z,1755920356818,ORD-1335,113.35,,,,,1,,,,ORD-1335,Sell,SELL,Market,ACK,,1,113.35,,1,,HARNESS,DESKTOP-584MV4B
FILL,2025-08-23T03:39:16.8187984Z,1755920356818,ORD-1335,113.35,,113.34949999999999,,,1,1,-0.0005000000000023874,filled,ORD-1335,Sell,SELL,Market,FILL,filled,1,113.35,113.34949999999999,1,1,HARNESS,DESKTOP-584MV4B
REQUEST,2025-08-23T03:39:17.0745773Z,1755920357074,ORD-1350,113.5,113.45,,,,1,,,,ORD-1350,Buy,BUY,Market,REQUEST,,,113.5,,1,,HARNESS,DESKTOP-584MV4B
ACK,2025-08-23T03:39:17.0753601Z,1755920357075,ORD-1350,113.5,113.45,,,,1,,,,ORD-1350,Buy,BUY,Market,ACK,,1,113.5,,1,,HARNESS,DESKTOP-584MV4B
FILL,2025-08-23T03:39:17.0758702Z,1755920357075,ORD-1350,113.5,113.45,113.5005,,,1,1,0.0005000000000023874,filled,ORD-1350,Buy,BUY,Market,FILL,filled,1,113.5,113.5005,1,1,HARNESS,DESKTOP-584MV4B
REQUEST,2025-08-23T03:39:17.3097104Z,1755920357309,ORD-1365,113.65,,,,,1,,,,ORD-1365,Sell,SELL,Market,REQUEST,,,113.65,,1,,HARNESS,DESKTOP-584MV4B
ACK,2025-08-23T03:39:17.3105336Z,1755920357310,ORD-1365,113.65,,,,,1,,,,ORD-1365,Sell,SELL,Market,ACK,,1,113.65,,1,,HARNESS,DESKTOP-584MV4B
FILL,2025-08-23T03:39:17.3110877Z,1755920357311,ORD-1365,113.65,,113.6495,,,1,1,-0.0005000000000023874,filled,ORD-1365,Sell,SELL,Market,FILL,filled,2,113.65,113.6495,1,1,HARNESS,DESKTOP-584MV4B
REQUEST,2025-08-23T03:39:17.5847812Z,1755920357584,ORD-1380,113.8,113.75,,,,1,,,,ORD-1380,Buy,BUY,Market,REQUEST,,,113.8,,1,,HARNESS,DESKTOP-584MV4B
ACK,2025-08-23T03:39:17.6013339Z,1755920357601,ORD-1380,113.8,113.75,,,,1,,,,ORD-1380,Buy,BUY,Market,ACK,,17,113.8,,1,,HARNESS,DESKTOP-584MV4B
FILL,2025-08-23T03:39:17.6019006Z,1755920357601,ORD-1380,113.8,113.75,113.8005,,,1,1,0.0005000000000023874,filled,ORD-1380,Buy,BUY,Market,FILL,filled,17,113.8,113.8005,1,1,HARNESS,DESKTOP-584MV4B
REQUEST,2025-08-23T03:39:17.8320975Z,1755920357832,ORD-1395,113.95,,,,,1,,,,ORD-1395,Sell,SELL,Market,REQUEST,,,113.95,,1,,HARNESS,DESKTOP-584MV4B
ACK,2025-08-23T03:39:17.8332160Z,1755920357833,ORD-1395,113.95,,,,,1,,,,ORD-1395,Sell,SELL,Market,ACK,,1,113.95,,1,,HARNESS,DESKTOP-584MV4B
FILL,2025-08-23T03:39:17.8338323Z,1755920357833,ORD-1395,113.95,,113.9495,,,1,1,-0.0005000000000023874,filled,ORD-1395,Sell,SELL,Market,FILL,filled,1,113.95,113.9495,1,1,HARNESS,DESKTOP-584MV4B
REQUEST,2025-08-23T03:39:18.1137622Z,1755920358113,ORD-1410,114.1,114.05,,,,1,,,,ORD-1410,Buy,BUY,Market,REQUEST,,,114.1,,1,,HARNESS,DESKTOP-584MV4B
ACK,2025-08-23T03:39:18.1144397Z,1755920358114,ORD-1410,114.1,114.05,,,,1,,,,ORD-1410,Buy,BUY,Market,ACK,,1,114.1,,1,,HARNESS,DESKTOP-584MV4B
FILL,2025-08-23T03:39:18.1148437Z,1755920358114,ORD-1410,114.1,114.05,114.1005,,,1,1,0.0005000000000023874,filled,ORD-1410,Buy,BUY,Market,FILL,filled,1,114.1,114.1005,1,1,HARNESS,DESKTOP-584MV4B
REQUEST,2025-08-23T03:39:18.3252037Z,1755920358325,ORD-1425,114.25,,,,,1,,,,ORD-1425,Sell,SELL,Market,REQUEST,,,114.25,,1,,HARNESS,DESKTOP-584MV4B
ACK,2025-08-23T03:39:18.3260706Z,1755920358326,ORD-1425,114.25,,,,,1,,,,ORD-1425,Sell,SELL,Market,ACK,,1,114.25,,1,,HARNESS,DESKTOP-584MV4B
FILL,2025-08-23T03:39:18.3264192Z,1755920358326,ORD-1425,114.25,,114.2495,,,1,1,-0.0005000000000023874,filled,ORD-1425,Sell,SELL,Market,FILL,filled,1,114.25,114.2495,1,1,HARNESS,DESKTOP-584MV4B
REQUEST,2025-08-23T03:39:18.5730983Z,1755920358573,ORD-1440,114.4,114.35000000000001,,,,1,,,,ORD-1440,Buy,BUY,Market,REQUEST,,,114.4,,1,,HARNESS,DESKTOP-584MV4B
ACK,2025-08-23T03:39:18.5737102Z,1755920358573,ORD-1440,114.4,114.35000000000001,,,,1,,,,ORD-1440,Buy,BUY,Market,ACK,,0,114.4,,1,,HARNESS,DESKTOP-584MV4B
FILL,2025-08-23T03:39:18.5740335Z,1755920358574,ORD-1440,114.4,114.35000000000001,114.40050000000001,,,1,1,0.0005000000000023874,filled,ORD-1440,Buy,BUY,Market,FILL,filled,1,114.4,114.40050000000001,1,1,HARNESS,DESKTOP-584MV4B
REQUEST,2025-08-23T03:39:18.8033459Z,1755920358803,ORD-1455,114.55,,,,,1,,,,ORD-1455,Sell,SELL,Market,REQUEST,,,114.55,,1,,HARNESS,DESKTOP-584MV4B
ACK,2025-08-23T03:39:18.8040159Z,1755920358804,ORD-1455,114.55,,,,,1,,,,ORD-1455,Sell,SELL,Market,ACK,,1,114.55,,1,,HARNESS,DESKTOP-584MV4B
FILL,2025-08-23T03:39:18.8043729Z,1755920358804,ORD-1455,114.55,,114.5495,,,1,1,-0.0005000000000023874,filled,ORD-1455,Sell,SELL,Market,FILL,filled,1,114.55,114.5495,1,1,HARNESS,DESKTOP-584MV4B
REQUEST,2025-08-23T03:39:19.0836976Z,1755920359083,ORD-1470,114.7,114.65,,,,1,,,,ORD-1470,Buy,BUY,Market,REQUEST,,,114.7,,1,,HARNESS,DESKTOP-584MV4B
ACK,2025-08-23T03:39:19.0843762Z,1755920359084,ORD-1470,114.7,114.65,,,,1,,,,ORD-1470,Buy,BUY,Market,ACK,,1,114.7,,1,,HARNESS,DESKTOP-584MV4B
FILL,2025-08-23T03:39:19.0847489Z,1755920359084,ORD-1470,114.7,114.65,114.7005,,,1,1,0.0005000000000023874,filled,ORD-1470,Buy,BUY,Market,FILL,filled,1,114.7,114.7005,1,1,HARNESS,DESKTOP-584MV4B
REQUEST,2025-08-23T03:39:19.3176779Z,1755920359317,ORD-1485,114.85,,,,,1,,,,ORD-1485,Sell,SELL,Market,REQUEST,,,114.85,,1,,HARNESS,DESKTOP-584MV4B
ACK,2025-08-23T03:39:19.3184882Z,1755920359318,ORD-1485,114.85,,,,,1,,,,ORD-1485,Sell,SELL,Market,ACK,,1,114.85,,1,,HARNESS,DESKTOP-584MV4B
FILL,2025-08-23T03:39:19.3190004Z,1755920359319,ORD-1485,114.85,,114.84949999999999,,,1,1,-0.0005000000000023874,filled,ORD-1485,Sell,SELL,Market,FILL,filled,2,114.85,114.84949999999999,1,1,HARNESS,DESKTOP-584MV4B
REQUEST,2025-08-23T03:39:19.5901765Z,1755920359590,ORD-1500,115,114.95,,,,1,,,,ORD-1500,Buy,BUY,Market,REQUEST,,,115,,1,,HARNESS,DESKTOP-584MV4B
ACK,2025-08-23T03:39:19.5908857Z,1755920359590,ORD-1500,115,114.95,,,,1,,,,ORD-1500,Buy,BUY,Market,ACK,,0,115,,1,,HARNESS,DESKTOP-584MV4B
FILL,2025-08-23T03:39:19.5913172Z,1755920359591,ORD-1500,115,114.95,115.0005,,,1,1,0.0005000000000023874,filled,ORD-1500,Buy,BUY,Market,FILL,filled,1,115,115.0005,1,1,HARNESS,DESKTOP-584MV4B
REQUEST,2025-08-23T03:39:19.8195335Z,1755920359819,ORD-1515,115.15,,,,,1,,,,ORD-1515,Sell,SELL,Market,REQUEST,,,115.15,,1,,HARNESS,DESKTOP-584MV4B
ACK,2025-08-23T03:39:19.8203783Z,1755920359820,ORD-1515,115.15,,,,,1,,,,ORD-1515,Sell,SELL,Market,ACK,,1,115.15,,1,,HARNESS,DESKTOP-584MV4B
FILL,2025-08-23T03:39:19.8210937Z,1755920359821,ORD-1515,115.15,,115.1495,,,1,1,-0.0005000000000023874,filled,ORD-1515,Sell,SELL,Market,FILL,filled,2,115.15,115.1495,1,1,HARNESS,DESKTOP-584MV4B
REQUEST,2025-08-23T03:39:20.0919891Z,1755920360091,ORD-1530,115.3,115.25,,,,1,,,,ORD-1530,Buy,BUY,Market,REQUEST,,,115.3,,1,,HARNESS,DESKTOP-584MV4B
ACK,2025-08-23T03:39:20.0928802Z,1755920360092,ORD-1530,115.3,115.25,,,,1,,,,ORD-1530,Buy,BUY,Market,ACK,,1,115.3,,1,,HARNESS,DESKTOP-584MV4B
FILL,2025-08-23T03:39:20.0934139Z,1755920360093,ORD-1530,115.3,115.25,115.3005,,,1,1,0.0005000000000023874,filled,ORD-1530,Buy,BUY,Market,FILL,filled,2,115.3,115.3005,1,1,HARNESS,DESKTOP-584MV4B
REQUEST,2025-08-23T03:39:20.3252973Z,1755920360325,ORD-1545,115.45,,,,,1,,,,ORD-1545,Sell,SELL,Market,REQUEST,,,115.45,,1,,HARNESS,DESKTOP-584MV4B
ACK,2025-08-23T03:39:20.3333440Z,1755920360333,ORD-1545,115.45,,,,,1,,,,ORD-1545,Sell,SELL,Market,ACK,,8,115.45,,1,,HARNESS,DESKTOP-584MV4B
FILL,2025-08-23T03:39:20.3338691Z,1755920360333,ORD-1545,115.45,,115.4495,,,1,1,-0.0005000000000023874,filled,ORD-1545,Sell,SELL,Market,FILL,filled,8,115.45,115.4495,1,1,HARNESS,DESKTOP-584MV4B
REQUEST,2025-08-23T03:39:20.5733891Z,1755920360573,ORD-1560,115.6,115.55,,,,1,,,,ORD-1560,Buy,BUY,Market,REQUEST,,,115.6,,1,,HARNESS,DESKTOP-584MV4B
ACK,2025-08-23T03:39:20.5741237Z,1755920360574,ORD-1560,115.6,115.55,,,,1,,,,ORD-1560,Buy,BUY,Market,ACK,,1,115.6,,1,,HARNESS,DESKTOP-584MV4B
FILL,2025-08-23T03:39:20.5745042Z,1755920360574,ORD-1560,115.6,115.55,115.6005,,,1,1,0.0005000000000023874,filled,ORD-1560,Buy,BUY,Market,FILL,filled,1,115.6,115.6005,1,1,HARNESS,DESKTOP-584MV4B
REQUEST,2025-08-23T03:39:20.8089924Z,1755920360808,ORD-1575,115.75,,,,,1,,,,ORD-1575,Sell,SELL,Market,REQUEST,,,115.75,,1,,HARNESS,DESKTOP-584MV4B
ACK,2025-08-23T03:39:20.8102532Z,1755920360810,ORD-1575,115.75,,,,,1,,,,ORD-1575,Sell,SELL,Market,ACK,,2,115.75,,1,,HARNESS,DESKTOP-584MV4B
FILL,2025-08-23T03:39:20.8107731Z,1755920360810,ORD-1575,115.75,,115.7495,,,1,1,-0.0005000000000023874,filled,ORD-1575,Sell,SELL,Market,FILL,filled,2,115.75,115.7495,1,1,HARNESS,DESKTOP-584MV4B
REQUEST,2025-08-23T03:39:21.0821455Z,1755920361082,ORD-1590,115.9,115.85000000000001,,,,1,,,,ORD-1590,Buy,BUY,Market,REQUEST,,,115.9,,1,,HARNESS,DESKTOP-584MV4B
ACK,2025-08-23T03:39:21.0828925Z,1755920361082,ORD-1590,115.9,115.85000000000001,,,,1,,,,ORD-1590,Buy,BUY,Market,ACK,,0,115.9,,1,,HARNESS,DESKTOP-584MV4B
FILL,2025-08-23T03:39:21.0833399Z,1755920361083,ORD-1590,115.9,115.85000000000001,115.90050000000001,,,1,1,0.0005000000000023874,filled,ORD-1590,Buy,BUY,Market,FILL,filled,1,115.9,115.90050000000001,1,1,HARNESS,DESKTOP-584MV4B
REQUEST,2025-08-23T03:39:21.3108333Z,1755920361310,ORD-1605,116.05,,,,,1,,,,ORD-1605,Sell,SELL,Market,REQUEST,,,116.05,,1,,HARNESS,DESKTOP-584MV4B
ACK,2025-08-23T03:39:21.3115596Z,1755920361311,ORD-1605,116.05,,,,,1,,,,ORD-1605,Sell,SELL,Market,ACK,,1,116.05,,1,,HARNESS,DESKTOP-584MV4B
FILL,2025-08-23T03:39:21.3120187Z,1755920361312,ORD-1605,116.05,,116.0495,,,1,1,-0.0005000000000023874,filled,ORD-1605,Sell,SELL,Market,FILL,filled,2,116.05,116.0495,1,1,HARNESS,DESKTOP-584MV4B
REQUEST,2025-08-23T03:39:21.5899437Z,1755920361589,ORD-1620,116.2,116.15,,,,1,,,,ORD-1620,Buy,BUY,Market,REQUEST,,,116.2,,1,,HARNESS,DESKTOP-584MV4B
ACK,2025-08-23T03:39:21.5906055Z,1755920361590,ORD-1620,116.2,116.15,,,,1,,,,ORD-1620,Buy,BUY,Market,ACK,,1,116.2,,1,,HARNESS,DESKTOP-584MV4B
FILL,2025-08-23T03:39:21.5910466Z,1755920361591,ORD-1620,116.2,116.15,116.2005,,,1,1,0.0005000000000023874,filled,ORD-1620,Buy,BUY,Market,FILL,filled,2,116.2,116.2005,1,1,HARNESS,DESKTOP-584MV4B
REQUEST,2025-08-23T03:39:21.8202311Z,1755920361820,ORD-1635,116.35,,,,,1,,,,ORD-1635,Sell,SELL,Market,REQUEST,,,116.35,,1,,HARNESS,DESKTOP-584MV4B
ACK,2025-08-23T03:39:21.8210117Z,1755920361821,ORD-1635,116.35,,,,,1,,,,ORD-1635,Sell,SELL,Market,ACK,,1,116.35,,1,,HARNESS,DESKTOP-584MV4B
FILL,2025-08-23T03:39:21.8215499Z,1755920361821,ORD-1635,116.35,,116.34949999999999,,,1,1,-0.0005000000000023874,filled,ORD-1635,Sell,SELL,Market,FILL,filled,1,116.35,116.34949999999999,1,1,HARNESS,DESKTOP-584MV4B
REQUEST,2025-08-23T03:39:22.1002617Z,1755920362100,ORD-1650,116.5,116.45,,,,1,,,,ORD-1650,Buy,BUY,Market,REQUEST,,,116.5,,1,,HARNESS,DESKTOP-584MV4B
ACK,2025-08-23T03:39:22.1008426Z,1755920362100,ORD-1650,116.5,116.45,,,,1,,,,ORD-1650,Buy,BUY,Market,ACK,,0,116.5,,1,,HARNESS,DESKTOP-584MV4B
FILL,2025-08-23T03:39:22.1010155Z,1755920362101,ORD-1650,116.5,116.45,116.5005,,,1,1,0.0005000000000023874,filled,ORD-1650,Buy,BUY,Market,FILL,filled,1,116.5,116.5005,1,1,HARNESS,DESKTOP-584MV4B
REQUEST,2025-08-23T03:39:22.3383887Z,1755920362338,ORD-1665,116.65,,,,,1,,,,ORD-1665,Sell,SELL,Market,REQUEST,,,116.65,,1,,HARNESS,DESKTOP-584MV4B
ACK,2025-08-23T03:39:22.3392941Z,1755920362339,ORD-1665,116.65,,,,,1,,,,ORD-1665,Sell,SELL,Market,ACK,,1,116.65,,1,,HARNESS,DESKTOP-584MV4B
FILL,2025-08-23T03:39:22.3397359Z,1755920362339,ORD-1665,116.65,,116.6495,,,1,1,-0.0005000000000023874,filled,ORD-1665,Sell,SELL,Market,FILL,filled,1,116.65,116.6495,1,1,HARNESS,DESKTOP-584MV4B
