phase,timestamp_iso,epoch_ms,orderId,intendedPrice,stopLoss,execPrice,theoretical_lots,theoretical_units,requestedVolume,filledSize,slippage,brokerMsg,client_order_id,side,action,type,status,reason,latency_ms,price_requested,price_filled,size_requested,size_filled,session,host
REQUEST,2025-08-22T14:07:27.0671683Z,1755871647067,ORD-0,100,99.95,,,,1,,,,ORD-0,Buy,BUY,Market,REQUEST,,,100,,1,,HARNESS,DESKTOP-584MV4B
ACK,2025-08-22T14:07:27.0692891Z,1755871647069,ORD-0,100,99.95,,,,1,,,,ORD-0,Buy,BUY,Market,ACK,,2,100,,1,,HARNESS,DESKTOP-584MV4B
FILL,2025-08-22T14:07:27.0700319Z,1755871647070,ORD-0,100,99.95,100.0005,,,1,1,0.0005000000000023874,filled,ORD-0,Buy,BUY,Market,FILL,filled,3,100,100.0005,1,1,HARNESS,DESKTOP-584MV4B
REQUEST,2025-08-22T14:07:27.3054223Z,1755871647305,ORD-15,100.15,,,,,1,,,,ORD-15,Sell,SELL,Market,REQUEST,,,100.15,,1,,HARNESS,DESKTOP-584MV4B
ACK,2025-08-22T14:07:27.3059326Z,1755871647305,ORD-15,100.15,,,,,1,,,,ORD-15,Sell,SELL,Market,ACK,,0,100.15,,1,,HARNESS,DESKTOP-584MV4B
FILL,2025-08-22T14:07:27.3061011Z,1755871647306,ORD-15,100.15,,100.1495,,,1,1,-0.0005000000000023874,filled,ORD-15,Sell,SELL,Market,FILL,filled,1,100.15,100.1495,1,1,HARNESS,DESKTOP-584MV4B
REQUEST,2025-08-22T14:07:27.5385033Z,1755871647538,ORD-30,100.3,100.25,,,,1,,,,ORD-30,Buy,BUY,Market,REQUEST,,,100.3,,1,,HARNESS,DESKTOP-584MV4B
ACK,2025-08-22T14:07:27.5389408Z,1755871647538,ORD-30,100.3,100.25,,,,1,,,,ORD-30,Buy,BUY,Market,ACK,,0,100.3,,1,,HARNESS,DESKTOP-584MV4B
FILL,2025-08-22T14:07:27.5390861Z,1755871647539,ORD-30,100.3,100.25,100.3005,,,1,1,0.0005000000000023874,filled,ORD-30,Buy,BUY,Market,FILL,filled,1,100.3,100.3005,1,1,HARNESS,DESKTOP-584MV4B
REQUEST,2025-08-22T14:07:27.7713537Z,1755871647771,ORD-45,100.45,,,,,1,,,,ORD-45,Sell,SELL,Market,REQUEST,,,100.45,,1,,HARNESS,DESKTOP-584MV4B
ACK,2025-08-22T14:07:27.7745477Z,1755871647774,ORD-45,100.45,,,,,1,,,,ORD-45,Sell,SELL,Market,ACK,,3,100.45,,1,,HARNESS,DESKTOP-584MV4B
FILL,2025-08-22T14:07:27.7747928Z,1755871647774,ORD-45,100.45,,100.4495,,,1,1,-0.0005000000000023874,filled,ORD-45,Sell,SELL,Market,FILL,filled,3,100.45,100.4495,1,1,HARNESS,DESKTOP-584MV4B
REQUEST,2025-08-22T14:07:28.0175055Z,1755871648017,ORD-60,100.6,100.55,,,,1,,,,ORD-60,Buy,BUY,Market,REQUEST,,,100.6,,1,,HARNESS,DESKTOP-584MV4B
ACK,2025-08-22T14:07:28.0181433Z,1755871648018,ORD-60,100.6,100.55,,,,1,,,,ORD-60,Buy,BUY,Market,ACK,,1,100.6,,1,,HARNESS,DESKTOP-584MV4B
FILL,2025-08-22T14:07:28.0184790Z,1755871648018,ORD-60,100.6,100.55,100.6005,,,1,1,0.0005000000000023874,filled,ORD-60,Buy,BUY,Market,FILL,filled,1,100.6,100.6005,1,1,HARNESS,DESKTOP-584MV4B
REQUEST,2025-08-22T14:07:28.2514535Z,1755871648251,ORD-75,100.75,,,,,1,,,,ORD-75,Sell,SELL,Market,REQUEST,,,100.75,,1,,HARNESS,DESKTOP-584MV4B
ACK,2025-08-22T14:07:28.2520560Z,1755871648252,ORD-75,100.75,,,,,1,,,,ORD-75,Sell,SELL,Market,ACK,,1,100.75,,1,,HARNESS,DESKTOP-584MV4B
FILL,2025-08-22T14:07:28.2530110Z,1755871648253,ORD-75,100.75,,100.7495,,,1,1,-0.0005000000000023874,filled,ORD-75,Sell,SELL,Market,FILL,filled,2,100.75,100.7495,1,1,HARNESS,DESKTOP-584MV4B
REQUEST,2025-08-22T14:07:28.4847443Z,1755871648484,ORD-90,100.9,100.85000000000001,,,,1,,,,ORD-90,Buy,BUY,Market,REQUEST,,,100.9,,1,,HARNESS,DESKTOP-584MV4B
ACK,2025-08-22T14:07:28.4854767Z,1755871648485,ORD-90,100.9,100.85000000000001,,,,1,,,,ORD-90,Buy,BUY,Market,ACK,,1,100.9,,1,,HARNESS,DESKTOP-584MV4B
FILL,2025-08-22T14:07:28.4857849Z,1755871648485,ORD-90,100.9,100.85000000000001,100.90050000000001,,,1,1,0.0005000000000023874,filled,ORD-90,Buy,BUY,Market,FILL,filled,1,100.9,100.90050000000001,1,1,HARNESS,DESKTOP-584MV4B
REQUEST,2025-08-22T14:07:28.7173472Z,1755871648717,ORD-105,101.05,,,,,1,,,,ORD-105,Sell,SELL,Market,REQUEST,,,101.05,,1,,HARNESS,DESKTOP-584MV4B
ACK,2025-08-22T14:07:28.7178881Z,1755871648717,ORD-105,101.05,,,,,1,,,,ORD-105,Sell,SELL,Market,ACK,,0,101.05,,1,,HARNESS,DESKTOP-584MV4B
FILL,2025-08-22T14:07:28.7182787Z,1755871648718,ORD-105,101.05,,101.0495,,,1,1,-0.0005000000000023874,filled,ORD-105,Sell,SELL,Market,FILL,filled,1,101.05,101.0495,1,1,HARNESS,DESKTOP-584MV4B
REQUEST,2025-08-22T14:07:28.9518140Z,1755871648951,ORD-120,101.2,101.15,,,,1,,,,ORD-120,Buy,BUY,Market,REQUEST,,,101.2,,1,,HARNESS,DESKTOP-584MV4B
ACK,2025-08-22T14:07:28.9522187Z,1755871648952,ORD-120,101.2,101.15,,,,1,,,,ORD-120,Buy,BUY,Market,ACK,,1,101.2,,1,,HARNESS,DESKTOP-584MV4B
FILL,2025-08-22T14:07:28.9526158Z,1755871648952,ORD-120,101.2,101.15,101.2005,,,1,1,0.0005000000000023874,filled,ORD-120,Buy,BUY,Market,FILL,filled,1,101.2,101.2005,1,1,HARNESS,DESKTOP-584MV4B
REQUEST,2025-08-22T14:07:29.1831970Z,1755871649183,ORD-135,101.35,,,,,1,,,,ORD-135,Sell,SELL,Market,REQUEST,,,101.35,,1,,HARNESS,DESKTOP-584MV4B
ACK,2025-08-22T14:07:29.1834538Z,1755871649183,ORD-135,101.35,,,,,1,,,,ORD-135,Sell,SELL,Market,ACK,,0,101.35,,1,,HARNESS,DESKTOP-584MV4B
FILL,2025-08-22T14:07:29.1836359Z,1755871649183,ORD-135,101.35,,101.34949999999999,,,1,1,-0.0005000000000023874,filled,ORD-135,Sell,SELL,Market,FILL,filled,0,101.35,101.34949999999999,1,1,HARNESS,DESKTOP-584MV4B
REQUEST,2025-08-22T14:07:29.4293391Z,1755871649429,ORD-150,101.5,101.45,,,,1,,,,ORD-150,Buy,BUY,Market,REQUEST,,,101.5,,1,,HARNESS,DESKTOP-584MV4B
ACK,2025-08-22T14:07:29.4297492Z,1755871649429,ORD-150,101.5,101.45,,,,1,,,,ORD-150,Buy,BUY,Market,ACK,,0,101.5,,1,,HARNESS,DESKTOP-584MV4B
FILL,2025-08-22T14:07:29.4299233Z,1755871649429,ORD-150,101.5,101.45,101.5005,,,1,1,0.0005000000000023874,filled,ORD-150,Buy,BUY,Market,FILL,filled,0,101.5,101.5005,1,1,HARNESS,DESKTOP-584MV4B
REQUEST,2025-08-22T14:07:29.6637842Z,1755871649663,ORD-165,101.65,,,,,1,,,,ORD-165,Sell,SELL,Market,REQUEST,,,101.65,,1,,HARNESS,DESKTOP-584MV4B
ACK,2025-08-22T14:07:29.6641266Z,1755871649664,ORD-165,101.65,,,,,1,,,,ORD-165,Sell,SELL,Market,ACK,,1,101.65,,1,,HARNESS,DESKTOP-584MV4B
FILL,2025-08-22T14:07:29.6642532Z,1755871649664,ORD-165,101.65,,101.6495,,,1,1,-0.0005000000000023874,filled,ORD-165,Sell,SELL,Market,FILL,filled,1,101.65,101.6495,1,1,HARNESS,DESKTOP-584MV4B
REQUEST,2025-08-22T14:07:29.8998548Z,1755871649899,ORD-180,101.8,101.75,,,,1,,,,ORD-180,Buy,BUY,Market,REQUEST,,,101.8,,1,,HARNESS,DESKTOP-584MV4B
ACK,2025-08-22T14:07:29.9001802Z,1755871649900,ORD-180,101.8,101.75,,,,1,,,,ORD-180,Buy,BUY,Market,ACK,,1,101.8,,1,,HARNESS,DESKTOP-584MV4B
FILL,2025-08-22T14:07:29.9003317Z,1755871649900,ORD-180,101.8,101.75,101.8005,,,1,1,0.0005000000000023874,filled,ORD-180,Buy,BUY,Market,FILL,filled,1,101.8,101.8005,1,1,HARNESS,DESKTOP-584MV4B
REQUEST,2025-08-22T14:07:30.1427998Z,1755871650142,ORD-195,101.95,,,,,1,,,,ORD-195,Sell,SELL,Market,REQUEST,,,101.95,,1,,HARNESS,DESKTOP-584MV4B
ACK,2025-08-22T14:07:30.1432278Z,1755871650143,ORD-195,101.95,,,,,1,,,,ORD-195,Sell,SELL,Market,ACK,,1,101.95,,1,,HARNESS,DESKTOP-584MV4B
FILL,2025-08-22T14:07:30.1434487Z,1755871650143,ORD-195,101.95,,101.9495,,,1,1,-0.0005000000000023874,filled,ORD-195,Sell,SELL,Market,FILL,filled,1,101.95,101.9495,1,1,HARNESS,DESKTOP-584MV4B
REQUEST,2025-08-22T14:07:30.3744070Z,1755871650374,ORD-210,102.1,102.05,,,,1,,,,ORD-210,Buy,BUY,Market,REQUEST,,,102.1,,1,,HARNESS,DESKTOP-584MV4B
ACK,2025-08-22T14:07:30.3748606Z,1755871650374,ORD-210,102.1,102.05,,,,1,,,,ORD-210,Buy,BUY,Market,ACK,,0,102.1,,1,,HARNESS,DESKTOP-584MV4B
FILL,2025-08-22T14:07:30.3752013Z,1755871650375,ORD-210,102.1,102.05,102.1005,,,1,1,0.0005000000000023874,filled,ORD-210,Buy,BUY,Market,FILL,filled,1,102.1,102.1005,1,1,HARNESS,DESKTOP-584MV4B
REQUEST,2025-08-22T14:07:30.6088489Z,1755871650608,ORD-225,102.25,,,,,1,,,,ORD-225,Sell,SELL,Market,REQUEST,,,102.25,,1,,HARNESS,DESKTOP-584MV4B
ACK,2025-08-22T14:07:30.6093666Z,1755871650609,ORD-225,102.25,,,,,1,,,,ORD-225,Sell,SELL,Market,ACK,,1,102.25,,1,,HARNESS,DESKTOP-584MV4B
FILL,2025-08-22T14:07:30.6096542Z,1755871650609,ORD-225,102.25,,102.2495,,,1,1,-0.0005000000000023874,filled,ORD-225,Sell,SELL,Market,FILL,filled,1,102.25,102.2495,1,1,HARNESS,DESKTOP-584MV4B
REQUEST,2025-08-22T14:07:30.8401085Z,1755871650840,ORD-240,102.4,102.35000000000001,,,,1,,,,ORD-240,Buy,BUY,Market,REQUEST,,,102.4,,1,,HARNESS,DESKTOP-584MV4B
ACK,2025-08-22T14:07:30.8405476Z,1755871650840,ORD-240,102.4,102.35000000000001,,,,1,,,,ORD-240,Buy,BUY,Market,ACK,,0,102.4,,1,,HARNESS,DESKTOP-584MV4B
FILL,2025-08-22T14:07:30.8410396Z,1755871650841,ORD-240,102.4,102.35000000000001,102.40050000000001,,,1,1,0.0005000000000023874,filled,ORD-240,Buy,BUY,Market,FILL,filled,1,102.4,102.40050000000001,1,1,HARNESS,DESKTOP-584MV4B
REQUEST,2025-08-22T14:07:31.0729161Z,1755871651072,ORD-255,102.55,,,,,1,,,,ORD-255,Sell,SELL,Market,REQUEST,,,102.55,,1,,HARNESS,DESKTOP-584MV4B
ACK,2025-08-22T14:07:31.0731692Z,1755871651073,ORD-255,102.55,,,,,1,,,,ORD-255,Sell,SELL,Market,ACK,,1,102.55,,1,,HARNESS,DESKTOP-584MV4B
FILL,2025-08-22T14:07:31.0732886Z,1755871651073,ORD-255,102.55,,102.5495,,,1,1,-0.0005000000000023874,filled,ORD-255,Sell,SELL,Market,FILL,filled,1,102.55,102.5495,1,1,HARNESS,DESKTOP-584MV4B
REQUEST,2025-08-22T14:07:31.3080668Z,1755871651308,ORD-270,102.7,102.65,,,,1,,,,ORD-270,Buy,BUY,Market,REQUEST,,,102.7,,1,,HARNESS,DESKTOP-584MV4B
ACK,2025-08-22T14:07:31.3086883Z,1755871651308,ORD-270,102.7,102.65,,,,1,,,,ORD-270,Buy,BUY,Market,ACK,,0,102.7,,1,,HARNESS,DESKTOP-584MV4B
FILL,2025-08-22T14:07:31.3090083Z,1755871651309,ORD-270,102.7,102.65,102.7005,,,1,1,0.0005000000000023874,filled,ORD-270,Buy,BUY,Market,FILL,filled,1,102.7,102.7005,1,1,HARNESS,DESKTOP-584MV4B
REQUEST,2025-08-22T14:07:31.5410254Z,1755871651541,ORD-285,102.85,,,,,1,,,,ORD-285,Sell,SELL,Market,REQUEST,,,102.85,,1,,HARNESS,DESKTOP-584MV4B
ACK,2025-08-22T14:07:31.5413701Z,1755871651541,ORD-285,102.85,,,,,1,,,,ORD-285,Sell,SELL,Market,ACK,,0,102.85,,1,,HARNESS,DESKTOP-584MV4B
FILL,2025-08-22T14:07:31.5415082Z,1755871651541,ORD-285,102.85,,102.84949999999999,,,1,1,-0.0005000000000023874,filled,ORD-285,Sell,SELL,Market,FILL,filled,0,102.85,102.84949999999999,1,1,HARNESS,DESKTOP-584MV4B
REQUEST,2025-08-22T14:07:31.7859699Z,1755871651785,ORD-300,103,102.95,,,,1,,,,ORD-300,Buy,BUY,Market,REQUEST,,,103,,1,,HARNESS,DESKTOP-584MV4B
ACK,2025-08-22T14:07:31.7864613Z,1755871651786,ORD-300,103,102.95,,,,1,,,,ORD-300,Buy,BUY,Market,ACK,,1,103,,1,,HARNESS,DESKTOP-584MV4B
FILL,2025-08-22T14:07:31.7870036Z,1755871651787,ORD-300,103,102.95,103.0005,,,1,1,0.0005000000000023874,filled,ORD-300,Buy,BUY,Market,FILL,filled,2,103,103.0005,1,1,HARNESS,DESKTOP-584MV4B
REQUEST,2025-08-22T14:07:32.0193757Z,1755871652019,ORD-315,103.15,,,,,1,,,,ORD-315,Sell,SELL,Market,REQUEST,,,103.15,,1,,HARNESS,DESKTOP-584MV4B
ACK,2025-08-22T14:07:32.0196402Z,1755871652019,ORD-315,103.15,,,,,1,,,,ORD-315,Sell,SELL,Market,ACK,,0,103.15,,1,,HARNESS,DESKTOP-584MV4B
FILL,2025-08-22T14:07:32.0197458Z,1755871652019,ORD-315,103.15,,103.1495,,,1,1,-0.0005000000000023874,filled,ORD-315,Sell,SELL,Market,FILL,filled,0,103.15,103.1495,1,1,HARNESS,DESKTOP-584MV4B
REQUEST,2025-08-22T14:07:32.2391997Z,1755871652239,ORD-330,103.3,103.25,,,,1,,,,ORD-330,Buy,BUY,Market,REQUEST,,,103.3,,1,,HARNESS,DESKTOP-584MV4B
ACK,2025-08-22T14:07:32.2398289Z,1755871652239,ORD-330,103.3,103.25,,,,1,,,,ORD-330,Buy,BUY,Market,ACK,,0,103.3,,1,,HARNESS,DESKTOP-584MV4B
FILL,2025-08-22T14:07:32.2401507Z,1755871652240,ORD-330,103.3,103.25,103.3005,,,1,1,0.0005000000000023874,filled,ORD-330,Buy,BUY,Market,FILL,filled,1,103.3,103.3005,1,1,HARNESS,DESKTOP-584MV4B
REQUEST,2025-08-22T14:07:32.4844703Z,1755871652484,ORD-345,103.45,,,,,1,,,,ORD-345,Sell,SELL,Market,REQUEST,,,103.45,,1,,HARNESS,DESKTOP-584MV4B
ACK,2025-08-22T14:07:32.4850550Z,1755871652485,ORD-345,103.45,,,,,1,,,,ORD-345,Sell,SELL,Market,ACK,,1,103.45,,1,,HARNESS,DESKTOP-584MV4B
FILL,2025-08-22T14:07:32.4853967Z,1755871652485,ORD-345,103.45,,103.4495,,,1,1,-0.0005000000000023874,filled,ORD-345,Sell,SELL,Market,FILL,filled,1,103.45,103.4495,1,1,HARNESS,DESKTOP-584MV4B
REQUEST,2025-08-22T14:07:32.7165260Z,1755871652716,ORD-360,103.6,103.55,,,,1,,,,ORD-360,Buy,BUY,Market,REQUEST,,,103.6,,1,,HARNESS,DESKTOP-584MV4B
ACK,2025-08-22T14:07:32.7171951Z,1755871652717,ORD-360,103.6,103.55,,,,1,,,,ORD-360,Buy,BUY,Market,ACK,,1,103.6,,1,,HARNESS,DESKTOP-584MV4B
FILL,2025-08-22T14:07:32.7175343Z,1755871652717,ORD-360,103.6,103.55,103.6005,,,1,1,0.0005000000000023874,filled,ORD-360,Buy,BUY,Market,FILL,filled,1,103.6,103.6005,1,1,HARNESS,DESKTOP-584MV4B
REQUEST,2025-08-22T14:07:32.9489316Z,1755871652948,ORD-375,103.75,,,,,1,,,,ORD-375,Sell,SELL,Market,REQUEST,,,103.75,,1,,HARNESS,DESKTOP-584MV4B
ACK,2025-08-22T14:07:32.9493496Z,1755871652949,ORD-375,103.75,,,,,1,,,,ORD-375,Sell,SELL,Market,ACK,,1,103.75,,1,,HARNESS,DESKTOP-584MV4B
FILL,2025-08-22T14:07:32.9495285Z,1755871652949,ORD-375,103.75,,103.7495,,,1,1,-0.0005000000000023874,filled,ORD-375,Sell,SELL,Market,FILL,filled,1,103.75,103.7495,1,1,HARNESS,DESKTOP-584MV4B
REQUEST,2025-08-22T14:07:33.1831244Z,1755871653183,ORD-390,103.9,103.85000000000001,,,,1,,,,ORD-390,Buy,BUY,Market,REQUEST,,,103.9,,1,,HARNESS,DESKTOP-584MV4B
ACK,2025-08-22T14:07:33.1837640Z,1755871653183,ORD-390,103.9,103.85000000000001,,,,1,,,,ORD-390,Buy,BUY,Market,ACK,,0,103.9,,1,,HARNESS,DESKTOP-584MV4B
FILL,2025-08-22T14:07:33.1842555Z,1755871653184,ORD-390,103.9,103.85000000000001,103.90050000000001,,,1,1,0.0005000000000023874,filled,ORD-390,Buy,BUY,Market,FILL,filled,1,103.9,103.90050000000001,1,1,HARNESS,DESKTOP-584MV4B
REQUEST,2025-08-22T14:07:33.4275221Z,1755871653427,ORD-405,104.05,,,,,1,,,,ORD-405,Sell,SELL,Market,REQUEST,,,104.05,,1,,HARNESS,DESKTOP-584MV4B
ACK,2025-08-22T14:07:33.4280957Z,1755871653428,ORD-405,104.05,,,,,1,,,,ORD-405,Sell,SELL,Market,ACK,,1,104.05,,1,,HARNESS,DESKTOP-584MV4B
FILL,2025-08-22T14:07:33.4284150Z,1755871653428,ORD-405,104.05,,104.0495,,,1,1,-0.0005000000000023874,filled,ORD-405,Sell,SELL,Market,FILL,filled,1,104.05,104.0495,1,1,HARNESS,DESKTOP-584MV4B
REQUEST,2025-08-22T14:07:33.6610047Z,1755871653661,ORD-420,104.2,104.15,,,,1,,,,ORD-420,Buy,BUY,Market,REQUEST,,,104.2,,1,,HARNESS,DESKTOP-584MV4B
ACK,2025-08-22T14:07:33.6615358Z,1755871653661,ORD-420,104.2,104.15,,,,1,,,,ORD-420,Buy,BUY,Market,ACK,,0,104.2,,1,,HARNESS,DESKTOP-584MV4B
FILL,2025-08-22T14:07:33.6618092Z,1755871653661,ORD-420,104.2,104.15,104.2005,,,1,1,0.0005000000000023874,filled,ORD-420,Buy,BUY,Market,FILL,filled,0,104.2,104.2005,1,1,HARNESS,DESKTOP-584MV4B
REQUEST,2025-08-22T14:07:33.8947703Z,1755871653894,ORD-435,104.35,,,,,1,,,,ORD-435,Sell,SELL,Market,REQUEST,,,104.35,,1,,HARNESS,DESKTOP-584MV4B
ACK,2025-08-22T14:07:33.8950641Z,1755871653895,ORD-435,104.35,,,,,1,,,,ORD-435,Sell,SELL,Market,ACK,,1,104.35,,1,,HARNESS,DESKTOP-584MV4B
FILL,2025-08-22T14:07:33.8952124Z,1755871653895,ORD-435,104.35,,104.34949999999999,,,1,1,-0.0005000000000023874,filled,ORD-435,Sell,SELL,Market,FILL,filled,1,104.35,104.34949999999999,1,1,HARNESS,DESKTOP-584MV4B
REQUEST,2025-08-22T14:07:34.1430236Z,1755871654143,ORD-450,104.5,104.45,,,,1,,,,ORD-450,Buy,BUY,Market,REQUEST,,,104.5,,1,,HARNESS,DESKTOP-584MV4B
ACK,2025-08-22T14:07:34.1434222Z,1755871654143,ORD-450,104.5,104.45,,,,1,,,,ORD-450,Buy,BUY,Market,ACK,,0,104.5,,1,,HARNESS,DESKTOP-584MV4B
FILL,2025-08-22T14:07:34.1435998Z,1755871654143,ORD-450,104.5,104.45,104.5005,,,1,1,0.0005000000000023874,filled,ORD-450,Buy,BUY,Market,FILL,filled,0,104.5,104.5005,1,1,HARNESS,DESKTOP-584MV4B
REQUEST,2025-08-22T14:07:34.3788344Z,1755871654378,ORD-465,104.65,,,,,1,,,,ORD-465,Sell,SELL,Market,REQUEST,,,104.65,,1,,HARNESS,DESKTOP-584MV4B
ACK,2025-08-22T14:07:34.3792150Z,1755871654379,ORD-465,104.65,,,,,1,,,,ORD-465,Sell,SELL,Market,ACK,,1,104.65,,1,,HARNESS,DESKTOP-584MV4B
FILL,2025-08-22T14:07:34.3793181Z,1755871654379,ORD-465,104.65,,104.6495,,,1,1,-0.0005000000000023874,filled,ORD-465,Sell,SELL,Market,FILL,filled,1,104.65,104.6495,1,1,HARNESS,DESKTOP-584MV4B
REQUEST,2025-08-22T14:07:34.6206181Z,1755871654620,ORD-480,104.8,104.75,,,,1,,,,ORD-480,Buy,BUY,Market,REQUEST,,,104.8,,1,,HARNESS,DESKTOP-584MV4B
ACK,2025-08-22T14:07:34.6210235Z,1755871654621,ORD-480,104.8,104.75,,,,1,,,,ORD-480,Buy,BUY,Market,ACK,,1,104.8,,1,,HARNESS,DESKTOP-584MV4B
FILL,2025-08-22T14:07:34.6212064Z,1755871654621,ORD-480,104.8,104.75,104.8005,,,1,1,0.0005000000000023874,filled,ORD-480,Buy,BUY,Market,FILL,filled,1,104.8,104.8005,1,1,HARNESS,DESKTOP-584MV4B
REQUEST,2025-08-22T14:07:34.8552507Z,1755871654855,ORD-495,104.95,,,,,1,,,,ORD-495,Sell,SELL,Market,REQUEST,,,104.95,,1,,HARNESS,DESKTOP-584MV4B
ACK,2025-08-22T14:07:34.8557248Z,1755871654855,ORD-495,104.95,,,,,1,,,,ORD-495,Sell,SELL,Market,ACK,,0,104.95,,1,,HARNESS,DESKTOP-584MV4B
FILL,2025-08-22T14:07:34.8558953Z,1755871654855,ORD-495,104.95,,104.9495,,,1,1,-0.0005000000000023874,filled,ORD-495,Sell,SELL,Market,FILL,filled,0,104.95,104.9495,1,1,HARNESS,DESKTOP-584MV4B
REQUEST,2025-08-22T14:07:35.0999003Z,1755871655099,ORD-510,105.1,105.05,,,,1,,,,ORD-510,Buy,BUY,Market,REQUEST,,,105.1,,1,,HARNESS,DESKTOP-584MV4B
ACK,2025-08-22T14:07:35.1002539Z,1755871655100,ORD-510,105.1,105.05,,,,1,,,,ORD-510,Buy,BUY,Market,ACK,,1,105.1,,1,,HARNESS,DESKTOP-584MV4B
FILL,2025-08-22T14:07:35.1004355Z,1755871655100,ORD-510,105.1,105.05,105.1005,,,1,1,0.0005000000000023874,filled,ORD-510,Buy,BUY,Market,FILL,filled,1,105.1,105.1005,1,1,HARNESS,DESKTOP-584MV4B
REQUEST,2025-08-22T14:07:35.3316374Z,1755871655331,ORD-525,105.25,,,,,1,,,,ORD-525,Sell,SELL,Market,REQUEST,,,105.25,,1,,HARNESS,DESKTOP-584MV4B
ACK,2025-08-22T14:07:35.3322623Z,1755871655332,ORD-525,105.25,,,,,1,,,,ORD-525,Sell,SELL,Market,ACK,,1,105.25,,1,,HARNESS,DESKTOP-584MV4B
FILL,2025-08-22T14:07:35.3325374Z,1755871655332,ORD-525,105.25,,105.2495,,,1,1,-0.0005000000000023874,filled,ORD-525,Sell,SELL,Market,FILL,filled,1,105.25,105.2495,1,1,HARNESS,DESKTOP-584MV4B
REQUEST,2025-08-22T14:07:35.5636743Z,1755871655563,ORD-540,105.4,105.35000000000001,,,,1,,,,ORD-540,Buy,BUY,Market,REQUEST,,,105.4,,1,,HARNESS,DESKTOP-584MV4B
ACK,2025-08-22T14:07:35.5639453Z,1755871655563,ORD-540,105.4,105.35000000000001,,,,1,,,,ORD-540,Buy,BUY,Market,ACK,,0,105.4,,1,,HARNESS,DESKTOP-584MV4B
FILL,2025-08-22T14:07:35.5641061Z,1755871655564,ORD-540,105.4,105.35000000000001,105.40050000000001,,,1,1,0.0005000000000023874,filled,ORD-540,Buy,BUY,Market,FILL,filled,1,105.4,105.40050000000001,1,1,HARNESS,DESKTOP-584MV4B
REQUEST,2025-08-22T14:07:35.7965412Z,1755871655796,ORD-555,105.55,,,,,1,,,,ORD-555,Sell,SELL,Market,REQUEST,,,105.55,,1,,HARNESS,DESKTOP-584MV4B
ACK,2025-08-22T14:07:35.7972267Z,1755871655797,ORD-555,105.55,,,,,1,,,,ORD-555,Sell,SELL,Market,ACK,,1,105.55,,1,,HARNESS,DESKTOP-584MV4B
FILL,2025-08-22T14:07:35.7982311Z,1755871655798,ORD-555,105.55,,105.5495,,,1,1,-0.0005000000000023874,filled,ORD-555,Sell,SELL,Market,FILL,filled,2,105.55,105.5495,1,1,HARNESS,DESKTOP-584MV4B
REQUEST,2025-08-22T14:07:36.0442196Z,1755871656044,ORD-570,105.7,105.65,,,,1,,,,ORD-570,Buy,BUY,Market,REQUEST,,,105.7,,1,,HARNESS,DESKTOP-584MV4B
ACK,2025-08-22T14:07:36.0445511Z,1755871656044,ORD-570,105.7,105.65,,,,1,,,,ORD-570,Buy,BUY,Market,ACK,,0,105.7,,1,,HARNESS,DESKTOP-584MV4B
FILL,2025-08-22T14:07:36.0447433Z,1755871656044,ORD-570,105.7,105.65,105.7005,,,1,1,0.0005000000000023874,filled,ORD-570,Buy,BUY,Market,FILL,filled,0,105.7,105.7005,1,1,HARNESS,DESKTOP-584MV4B
REQUEST,2025-08-22T14:07:36.2788131Z,1755871656278,ORD-585,105.85,,,,,1,,,,ORD-585,Sell,SELL,Market,REQUEST,,,105.85,,1,,HARNESS,DESKTOP-584MV4B
ACK,2025-08-22T14:07:36.2791152Z,1755871656279,ORD-585,105.85,,,,,1,,,,ORD-585,Sell,SELL,Market,ACK,,1,105.85,,1,,HARNESS,DESKTOP-584MV4B
FILL,2025-08-22T14:07:36.2793083Z,1755871656279,ORD-585,105.85,,105.84949999999999,,,1,1,-0.0005000000000023874,filled,ORD-585,Sell,SELL,Market,FILL,filled,1,105.85,105.84949999999999,1,1,HARNESS,DESKTOP-584MV4B
REQUEST,2025-08-22T14:07:36.5125416Z,1755871656512,ORD-600,106,105.95,,,,1,,,,ORD-600,Buy,BUY,Market,REQUEST,,,106,,1,,HARNESS,DESKTOP-584MV4B
ACK,2025-08-22T14:07:36.5127806Z,1755871656512,ORD-600,106,105.95,,,,1,,,,ORD-600,Buy,BUY,Market,ACK,,0,106,,1,,HARNESS,DESKTOP-584MV4B
FILL,2025-08-22T14:07:36.5128959Z,1755871656512,ORD-600,106,105.95,106.0005,,,1,1,0.0005000000000023874,filled,ORD-600,Buy,BUY,Market,FILL,filled,0,106,106.0005,1,1,HARNESS,DESKTOP-584MV4B
REQUEST,2025-08-22T14:07:36.7557183Z,1755871656755,ORD-615,106.15,,,,,1,,,,ORD-615,Sell,SELL,Market,REQUEST,,,106.15,,1,,HARNESS,DESKTOP-584MV4B
ACK,2025-08-22T14:07:36.7560436Z,1755871656756,ORD-615,106.15,,,,,1,,,,ORD-615,Sell,SELL,Market,ACK,,1,106.15,,1,,HARNESS,DESKTOP-584MV4B
FILL,2025-08-22T14:07:36.7562096Z,1755871656756,ORD-615,106.15,,106.1495,,,1,1,-0.0005000000000023874,filled,ORD-615,Sell,SELL,Market,FILL,filled,1,106.15,106.1495,1,1,HARNESS,DESKTOP-584MV4B
REQUEST,2025-08-22T14:07:36.9859161Z,1755871656985,ORD-630,106.3,106.25,,,,1,,,,ORD-630,Buy,BUY,Market,REQUEST,,,106.3,,1,,HARNESS,DESKTOP-584MV4B
ACK,2025-08-22T14:07:36.9862405Z,1755871656986,ORD-630,106.3,106.25,,,,1,,,,ORD-630,Buy,BUY,Market,ACK,,1,106.3,,1,,HARNESS,DESKTOP-584MV4B
FILL,2025-08-22T14:07:36.9864226Z,1755871656986,ORD-630,106.3,106.25,106.3005,,,1,1,0.0005000000000023874,filled,ORD-630,Buy,BUY,Market,FILL,filled,1,106.3,106.3005,1,1,HARNESS,DESKTOP-584MV4B
REQUEST,2025-08-22T14:07:37.2187839Z,1755871657218,ORD-645,106.45,,,,,1,,,,ORD-645,Sell,SELL,Market,REQUEST,,,106.45,,1,,HARNESS,DESKTOP-584MV4B
ACK,2025-08-22T14:07:37.2192787Z,1755871657219,ORD-645,106.45,,,,,1,,,,ORD-645,Sell,SELL,Market,ACK,,1,106.45,,1,,HARNESS,DESKTOP-584MV4B
FILL,2025-08-22T14:07:37.2195348Z,1755871657219,ORD-645,106.45,,106.4495,,,1,1,-0.0005000000000023874,filled,ORD-645,Sell,SELL,Market,FILL,filled,1,106.45,106.4495,1,1,HARNESS,DESKTOP-584MV4B
REQUEST,2025-08-22T14:07:37.4493155Z,1755871657449,ORD-660,106.6,106.55,,,,1,,,,ORD-660,Buy,BUY,Market,REQUEST,,,106.6,,1,,HARNESS,DESKTOP-584MV4B
ACK,2025-08-22T14:07:37.4496992Z,1755871657449,ORD-660,106.6,106.55,,,,1,,,,ORD-660,Buy,BUY,Market,ACK,,0,106.6,,1,,HARNESS,DESKTOP-584MV4B
FILL,2025-08-22T14:07:37.4499440Z,1755871657449,ORD-660,106.6,106.55,106.6005,,,1,1,0.0005000000000023874,filled,ORD-660,Buy,BUY,Market,FILL,filled,0,106.6,106.6005,1,1,HARNESS,DESKTOP-584MV4B
REQUEST,2025-08-22T14:07:37.6816487Z,1755871657681,ORD-675,106.75,,,,,1,,,,ORD-675,Sell,SELL,Market,REQUEST,,,106.75,,1,,HARNESS,DESKTOP-584MV4B
ACK,2025-08-22T14:07:37.6820910Z,1755871657682,ORD-675,106.75,,,,,1,,,,ORD-675,Sell,SELL,Market,ACK,,1,106.75,,1,,HARNESS,DESKTOP-584MV4B
FILL,2025-08-22T14:07:37.6823300Z,1755871657682,ORD-675,106.75,,106.7495,,,1,1,-0.0005000000000023874,filled,ORD-675,Sell,SELL,Market,FILL,filled,1,106.75,106.7495,1,1,HARNESS,DESKTOP-584MV4B
REQUEST,2025-08-22T14:07:37.9125607Z,1755871657912,ORD-690,106.9,106.85000000000001,,,,1,,,,ORD-690,Buy,BUY,Market,REQUEST,,,106.9,,1,,HARNESS,DESKTOP-584MV4B
ACK,2025-08-22T14:07:37.9129695Z,1755871657912,ORD-690,106.9,106.85000000000001,,,,1,,,,ORD-690,Buy,BUY,Market,ACK,,0,106.9,,1,,HARNESS,DESKTOP-584MV4B
FILL,2025-08-22T14:07:37.9132160Z,1755871657913,ORD-690,106.9,106.85000000000001,106.90050000000001,,,1,1,0.0005000000000023874,filled,ORD-690,Buy,BUY,Market,FILL,filled,1,106.9,106.90050000000001,1,1,HARNESS,DESKTOP-584MV4B
REQUEST,2025-08-22T14:07:38.1448409Z,1755871658144,ORD-705,107.05,,,,,1,,,,ORD-705,Sell,SELL,Market,REQUEST,,,107.05,,1,,HARNESS,DESKTOP-584MV4B
ACK,2025-08-22T14:07:38.1453836Z,1755871658145,ORD-705,107.05,,,,,1,,,,ORD-705,Sell,SELL,Market,ACK,,1,107.05,,1,,HARNESS,DESKTOP-584MV4B
FILL,2025-08-22T14:07:38.1457217Z,1755871658145,ORD-705,107.05,,107.0495,,,1,1,-0.0005000000000023874,filled,ORD-705,Sell,SELL,Market,FILL,filled,1,107.05,107.0495,1,1,HARNESS,DESKTOP-584MV4B
REQUEST,2025-08-22T14:07:38.3780148Z,1755871658378,ORD-720,107.2,107.15,,,,1,,,,ORD-720,Buy,BUY,Market,REQUEST,,,107.2,,1,,HARNESS,DESKTOP-584MV4B
ACK,2025-08-22T14:07:38.3783462Z,1755871658378,ORD-720,107.2,107.15,,,,1,,,,ORD-720,Buy,BUY,Market,ACK,,0,107.2,,1,,HARNESS,DESKTOP-584MV4B
FILL,2025-08-22T14:07:38.3785227Z,1755871658378,ORD-720,107.2,107.15,107.2005,,,1,1,0.0005000000000023874,filled,ORD-720,Buy,BUY,Market,FILL,filled,0,107.2,107.2005,1,1,HARNESS,DESKTOP-584MV4B
REQUEST,2025-08-22T14:07:38.6121856Z,1755871658612,ORD-735,107.35,,,,,1,,,,ORD-735,Sell,SELL,Market,REQUEST,,,107.35,,1,,HARNESS,DESKTOP-584MV4B
ACK,2025-08-22T14:07:38.6124936Z,1755871658612,ORD-735,107.35,,,,,1,,,,ORD-735,Sell,SELL,Market,ACK,,0,107.35,,1,,HARNESS,DESKTOP-584MV4B
FILL,2025-08-22T14:07:38.6129419Z,1755871658612,ORD-735,107.35,,107.34949999999999,,,1,1,-0.0005000000000023874,filled,ORD-735,Sell,SELL,Market,FILL,filled,0,107.35,107.34949999999999,1,1,HARNESS,DESKTOP-584MV4B
REQUEST,2025-08-22T14:07:38.8471275Z,1755871658847,ORD-750,107.5,107.45,,,,1,,,,ORD-750,Buy,BUY,Market,REQUEST,,,107.5,,1,,HARNESS,DESKTOP-584MV4B
ACK,2025-08-22T14:07:38.8477663Z,1755871658847,ORD-750,107.5,107.45,,,,1,,,,ORD-750,Buy,BUY,Market,ACK,,0,107.5,,1,,HARNESS,DESKTOP-584MV4B
FILL,2025-08-22T14:07:38.8480601Z,1755871658848,ORD-750,107.5,107.45,107.5005,,,1,1,0.0005000000000023874,filled,ORD-750,Buy,BUY,Market,FILL,filled,1,107.5,107.5005,1,1,HARNESS,DESKTOP-584MV4B
REQUEST,2025-08-22T14:07:39.0803593Z,1755871659080,ORD-765,107.65,,,,,1,,,,ORD-765,Sell,SELL,Market,REQUEST,,,107.65,,1,,HARNESS,DESKTOP-584MV4B
ACK,2025-08-22T14:07:39.0806090Z,1755871659080,ORD-765,107.65,,,,,1,,,,ORD-765,Sell,SELL,Market,ACK,,0,107.65,,1,,HARNESS,DESKTOP-584MV4B
FILL,2025-08-22T14:07:39.0808365Z,1755871659080,ORD-765,107.65,,107.6495,,,1,1,-0.0005000000000023874,filled,ORD-765,Sell,SELL,Market,FILL,filled,0,107.65,107.6495,1,1,HARNESS,DESKTOP-584MV4B
REQUEST,2025-08-22T14:07:39.3145566Z,1755871659314,ORD-780,107.8,107.75,,,,1,,,,ORD-780,Buy,BUY,Market,REQUEST,,,107.8,,1,,HARNESS,DESKTOP-584MV4B
ACK,2025-08-22T14:07:39.3152494Z,1755871659315,ORD-780,107.8,107.75,,,,1,,,,ORD-780,Buy,BUY,Market,ACK,,1,107.8,,1,,HARNESS,DESKTOP-584MV4B
FILL,2025-08-22T14:07:39.3155916Z,1755871659315,ORD-780,107.8,107.75,107.8005,,,1,1,0.0005000000000023874,filled,ORD-780,Buy,BUY,Market,FILL,filled,1,107.8,107.8005,1,1,HARNESS,DESKTOP-584MV4B
REQUEST,2025-08-22T14:07:39.5567672Z,1755871659556,ORD-795,107.95,,,,,1,,,,ORD-795,Sell,SELL,Market,REQUEST,,,107.95,,1,,HARNESS,DESKTOP-584MV4B
ACK,2025-08-22T14:07:39.5570713Z,1755871659557,ORD-795,107.95,,,,,1,,,,ORD-795,Sell,SELL,Market,ACK,,1,107.95,,1,,HARNESS,DESKTOP-584MV4B
FILL,2025-08-22T14:07:39.5572145Z,1755871659557,ORD-795,107.95,,107.9495,,,1,1,-0.0005000000000023874,filled,ORD-795,Sell,SELL,Market,FILL,filled,1,107.95,107.9495,1,1,HARNESS,DESKTOP-584MV4B
REQUEST,2025-08-22T14:07:39.7882132Z,1755871659788,ORD-810,108.1,108.05,,,,1,,,,ORD-810,Buy,BUY,Market,REQUEST,,,108.1,,1,,HARNESS,DESKTOP-584MV4B
ACK,2025-08-22T14:07:39.7888092Z,1755871659788,ORD-810,108.1,108.05,,,,1,,,,ORD-810,Buy,BUY,Market,ACK,,0,108.1,,1,,HARNESS,DESKTOP-584MV4B
FILL,2025-08-22T14:07:39.7891755Z,1755871659789,ORD-810,108.1,108.05,108.1005,,,1,1,0.0005000000000023874,filled,ORD-810,Buy,BUY,Market,FILL,filled,1,108.1,108.1005,1,1,HARNESS,DESKTOP-584MV4B
REQUEST,2025-08-22T14:07:40.0214195Z,1755871660021,ORD-825,108.25,,,,,1,,,,ORD-825,Sell,SELL,Market,REQUEST,,,108.25,,1,,HARNESS,DESKTOP-584MV4B
ACK,2025-08-22T14:07:40.0217386Z,1755871660021,ORD-825,108.25,,,,,1,,,,ORD-825,Sell,SELL,Market,ACK,,0,108.25,,1,,HARNESS,DESKTOP-584MV4B
FILL,2025-08-22T14:07:40.0218657Z,1755871660021,ORD-825,108.25,,108.2495,,,1,1,-0.0005000000000023874,filled,ORD-825,Sell,SELL,Market,FILL,filled,0,108.25,108.2495,1,1,HARNESS,DESKTOP-584MV4B
REQUEST,2025-08-22T14:07:40.2616062Z,1755871660261,ORD-840,108.4,108.35000000000001,,,,1,,,,ORD-840,Buy,BUY,Market,REQUEST,,,108.4,,1,,HARNESS,DESKTOP-584MV4B
ACK,2025-08-22T14:07:40.2624048Z,1755871660262,ORD-840,108.4,108.35000000000001,,,,1,,,,ORD-840,Buy,BUY,Market,ACK,,1,108.4,,1,,HARNESS,DESKTOP-584MV4B
FILL,2025-08-22T14:07:40.2627379Z,1755871660262,ORD-840,108.4,108.35000000000001,108.40050000000001,,,1,1,0.0005000000000023874,filled,ORD-840,Buy,BUY,Market,FILL,filled,1,108.4,108.40050000000001,1,1,HARNESS,DESKTOP-584MV4B
REQUEST,2025-08-22T14:07:40.4960639Z,1755871660496,ORD-855,108.55,,,,,1,,,,ORD-855,Sell,SELL,Market,REQUEST,,,108.55,,1,,HARNESS,DESKTOP-584MV4B
ACK,2025-08-22T14:07:40.4966456Z,1755871660496,ORD-855,108.55,,,,,1,,,,ORD-855,Sell,SELL,Market,ACK,,0,108.55,,1,,HARNESS,DESKTOP-584MV4B
FILL,2025-08-22T14:07:40.4969968Z,1755871660496,ORD-855,108.55,,108.5495,,,1,1,-0.0005000000000023874,filled,ORD-855,Sell,SELL,Market,FILL,filled,0,108.55,108.5495,1,1,HARNESS,DESKTOP-584MV4B
REQUEST,2025-08-22T14:07:40.7283197Z,1755871660728,ORD-870,108.7,108.65,,,,1,,,,ORD-870,Buy,BUY,Market,REQUEST,,,108.7,,1,,HARNESS,DESKTOP-584MV4B
ACK,2025-08-22T14:07:40.7290069Z,1755871660729,ORD-870,108.7,108.65,,,,1,,,,ORD-870,Buy,BUY,Market,ACK,,1,108.7,,1,,HARNESS,DESKTOP-584MV4B
FILL,2025-08-22T14:07:40.7294116Z,1755871660729,ORD-870,108.7,108.65,108.7005,,,1,1,0.0005000000000023874,filled,ORD-870,Buy,BUY,Market,FILL,filled,1,108.7,108.7005,1,1,HARNESS,DESKTOP-584MV4B
REQUEST,2025-08-22T14:07:40.9699183Z,1755871660969,ORD-885,108.85,,,,,1,,,,ORD-885,Sell,SELL,Market,REQUEST,,,108.85,,1,,HARNESS,DESKTOP-584MV4B
ACK,2025-08-22T14:07:40.9704747Z,1755871660970,ORD-885,108.85,,,,,1,,,,ORD-885,Sell,SELL,Market,ACK,,1,108.85,,1,,HARNESS,DESKTOP-584MV4B
FILL,2025-08-22T14:07:40.9707470Z,1755871660970,ORD-885,108.85,,108.84949999999999,,,1,1,-0.0005000000000023874,filled,ORD-885,Sell,SELL,Market,FILL,filled,1,108.85,108.84949999999999,1,1,HARNESS,DESKTOP-584MV4B
REQUEST,2025-08-22T14:07:41.2029721Z,1755871661202,ORD-900,109,108.95,,,,1,,,,ORD-900,Buy,BUY,Market,REQUEST,,,109,,1,,HARNESS,DESKTOP-584MV4B
ACK,2025-08-22T14:07:41.2036880Z,1755871661203,ORD-900,109,108.95,,,,1,,,,ORD-900,Buy,BUY,Market,ACK,,1,109,,1,,HARNESS,DESKTOP-584MV4B
FILL,2025-08-22T14:07:41.2042710Z,1755871661204,ORD-900,109,108.95,109.0005,,,1,1,0.0005000000000023874,filled,ORD-900,Buy,BUY,Market,FILL,filled,2,109,109.0005,1,1,HARNESS,DESKTOP-584MV4B
REQUEST,2025-08-22T14:07:41.4490467Z,1755871661449,ORD-915,109.15,,,,,1,,,,ORD-915,Sell,SELL,Market,REQUEST,,,109.15,,1,,HARNESS,DESKTOP-584MV4B
ACK,2025-08-22T14:07:41.4496222Z,1755871661449,ORD-915,109.15,,,,,1,,,,ORD-915,Sell,SELL,Market,ACK,,0,109.15,,1,,HARNESS,DESKTOP-584MV4B
FILL,2025-08-22T14:07:41.4500032Z,1755871661450,ORD-915,109.15,,109.1495,,,1,1,-0.0005000000000023874,filled,ORD-915,Sell,SELL,Market,FILL,filled,1,109.15,109.1495,1,1,HARNESS,DESKTOP-584MV4B
REQUEST,2025-08-22T14:07:41.6816542Z,1755871661681,ORD-930,109.3,109.25,,,,1,,,,ORD-930,Buy,BUY,Market,REQUEST,,,109.3,,1,,HARNESS,DESKTOP-584MV4B
ACK,2025-08-22T14:07:41.6822514Z,1755871661682,ORD-930,109.3,109.25,,,,1,,,,ORD-930,Buy,BUY,Market,ACK,,1,109.3,,1,,HARNESS,DESKTOP-584MV4B
FILL,2025-08-22T14:07:41.6826341Z,1755871661682,ORD-930,109.3,109.25,109.3005,,,1,1,0.0005000000000023874,filled,ORD-930,Buy,BUY,Market,FILL,filled,1,109.3,109.3005,1,1,HARNESS,DESKTOP-584MV4B
REQUEST,2025-08-22T14:07:41.9223317Z,1755871661922,ORD-945,109.45,,,,,1,,,,ORD-945,Sell,SELL,Market,REQUEST,,,109.45,,1,,HARNESS,DESKTOP-584MV4B
ACK,2025-08-22T14:07:41.9229318Z,1755871661922,ORD-945,109.45,,,,,1,,,,ORD-945,Sell,SELL,Market,ACK,,0,109.45,,1,,HARNESS,DESKTOP-584MV4B
FILL,2025-08-22T14:07:41.9234865Z,1755871661923,ORD-945,109.45,,109.4495,,,1,1,-0.0005000000000023874,filled,ORD-945,Sell,SELL,Market,FILL,filled,1,109.45,109.4495,1,1,HARNESS,DESKTOP-584MV4B
REQUEST,2025-08-22T14:07:42.1540103Z,1755871662154,ORD-960,109.6,109.55,,,,1,,,,ORD-960,Buy,BUY,Market,REQUEST,,,109.6,,1,,HARNESS,DESKTOP-584MV4B
ACK,2025-08-22T14:07:42.1545469Z,1755871662154,ORD-960,109.6,109.55,,,,1,,,,ORD-960,Buy,BUY,Market,ACK,,0,109.6,,1,,HARNESS,DESKTOP-584MV4B
FILL,2025-08-22T14:07:42.1549218Z,1755871662154,ORD-960,109.6,109.55,109.6005,,,1,1,0.0005000000000023874,filled,ORD-960,Buy,BUY,Market,FILL,filled,0,109.6,109.6005,1,1,HARNESS,DESKTOP-584MV4B
REQUEST,2025-08-22T14:07:42.3868872Z,1755871662386,ORD-975,109.75,,,,,1,,,,ORD-975,Sell,SELL,Market,REQUEST,,,109.75,,1,,HARNESS,DESKTOP-584MV4B
ACK,2025-08-22T14:07:42.3871516Z,1755871662387,ORD-975,109.75,,,,,1,,,,ORD-975,Sell,SELL,Market,ACK,,1,109.75,,1,,HARNESS,DESKTOP-584MV4B
FILL,2025-08-22T14:07:42.3872783Z,1755871662387,ORD-975,109.75,,109.7495,,,1,1,-0.0005000000000023874,filled,ORD-975,Sell,SELL,Market,FILL,filled,1,109.75,109.7495,1,1,HARNESS,DESKTOP-584MV4B
REQUEST,2025-08-22T14:07:42.6241393Z,1755871662624,ORD-990,109.9,109.85000000000001,,,,1,,,,ORD-990,Buy,BUY,Market,REQUEST,,,109.9,,1,,HARNESS,DESKTOP-584MV4B
ACK,2025-08-22T14:07:42.6245923Z,1755871662624,ORD-990,109.9,109.85000000000001,,,,1,,,,ORD-990,Buy,BUY,Market,ACK,,0,109.9,,1,,HARNESS,DESKTOP-584MV4B
FILL,2025-08-22T14:07:42.6247111Z,1755871662624,ORD-990,109.9,109.85000000000001,109.90050000000001,,,1,1,0.0005000000000023874,filled,ORD-990,Buy,BUY,Market,FILL,filled,0,109.9,109.90050000000001,1,1,HARNESS,DESKTOP-584MV4B
REQUEST,2025-08-22T14:07:42.8556856Z,1755871662855,ORD-1005,110.05,,,,,1,,,,ORD-1005,Sell,SELL,Market,REQUEST,,,110.05,,1,,HARNESS,DESKTOP-584MV4B
ACK,2025-08-22T14:07:42.8560372Z,1755871662856,ORD-1005,110.05,,,,,1,,,,ORD-1005,Sell,SELL,Market,ACK,,1,110.05,,1,,HARNESS,DESKTOP-584MV4B
FILL,2025-08-22T14:07:42.8563773Z,1755871662856,ORD-1005,110.05,,110.0495,,,1,1,-0.0005000000000023874,filled,ORD-1005,Sell,SELL,Market,FILL,filled,1,110.05,110.0495,1,1,HARNESS,DESKTOP-584MV4B
REQUEST,2025-08-22T14:07:43.0889671Z,1755871663088,ORD-1020,110.2,110.15,,,,1,,,,ORD-1020,Buy,BUY,Market,REQUEST,,,110.2,,1,,HARNESS,DESKTOP-584MV4B
ACK,2025-08-22T14:07:43.0893344Z,1755871663089,ORD-1020,110.2,110.15,,,,1,,,,ORD-1020,Buy,BUY,Market,ACK,,1,110.2,,1,,HARNESS,DESKTOP-584MV4B
FILL,2025-08-22T14:07:43.0895391Z,1755871663089,ORD-1020,110.2,110.15,110.2005,,,1,1,0.0005000000000023874,filled,ORD-1020,Buy,BUY,Market,FILL,filled,1,110.2,110.2005,1,1,HARNESS,DESKTOP-584MV4B
REQUEST,2025-08-22T14:07:43.3233900Z,1755871663323,ORD-1035,110.35,,,,,1,,,,ORD-1035,Sell,SELL,Market,REQUEST,,,110.35,,1,,HARNESS,DESKTOP-584MV4B
ACK,2025-08-22T14:07:43.3239417Z,1755871663323,ORD-1035,110.35,,,,,1,,,,ORD-1035,Sell,SELL,Market,ACK,,0,110.35,,1,,HARNESS,DESKTOP-584MV4B
FILL,2025-08-22T14:07:43.3242196Z,1755871663324,ORD-1035,110.35,,110.34949999999999,,,1,1,-0.0005000000000023874,filled,ORD-1035,Sell,SELL,Market,FILL,filled,1,110.35,110.34949999999999,1,1,HARNESS,DESKTOP-584MV4B
REQUEST,2025-08-22T14:07:43.5688591Z,1755871663568,ORD-1050,110.5,110.45,,,,1,,,,ORD-1050,Buy,BUY,Market,REQUEST,,,110.5,,1,,HARNESS,DESKTOP-584MV4B
ACK,2025-08-22T14:07:43.5690975Z,1755871663569,ORD-1050,110.5,110.45,,,,1,,,,ORD-1050,Buy,BUY,Market,ACK,,1,110.5,,1,,HARNESS,DESKTOP-584MV4B
FILL,2025-08-22T14:07:43.5692106Z,1755871663569,ORD-1050,110.5,110.45,110.5005,,,1,1,0.0005000000000023874,filled,ORD-1050,Buy,BUY,Market,FILL,filled,1,110.5,110.5005,1,1,HARNESS,DESKTOP-584MV4B
REQUEST,2025-08-22T14:07:43.8031025Z,1755871663803,ORD-1065,110.65,,,,,1,,,,ORD-1065,Sell,SELL,Market,REQUEST,,,110.65,,1,,HARNESS,DESKTOP-584MV4B
ACK,2025-08-22T14:07:43.8037631Z,1755871663803,ORD-1065,110.65,,,,,1,,,,ORD-1065,Sell,SELL,Market,ACK,,0,110.65,,1,,HARNESS,DESKTOP-584MV4B
FILL,2025-08-22T14:07:43.8042508Z,1755871663804,ORD-1065,110.65,,110.6495,,,1,1,-0.0005000000000023874,filled,ORD-1065,Sell,SELL,Market,FILL,filled,1,110.65,110.6495,1,1,HARNESS,DESKTOP-584MV4B
REQUEST,2025-08-22T14:07:44.0352140Z,1755871664035,ORD-1080,110.8,110.75,,,,1,,,,ORD-1080,Buy,BUY,Market,REQUEST,,,110.8,,1,,HARNESS,DESKTOP-584MV4B
ACK,2025-08-22T14:07:44.0354851Z,1755871664035,ORD-1080,110.8,110.75,,,,1,,,,ORD-1080,Buy,BUY,Market,ACK,,0,110.8,,1,,HARNESS,DESKTOP-584MV4B
FILL,2025-08-22T14:07:44.0356016Z,1755871664035,ORD-1080,110.8,110.75,110.8005,,,1,1,0.0005000000000023874,filled,ORD-1080,Buy,BUY,Market,FILL,filled,0,110.8,110.8005,1,1,HARNESS,DESKTOP-584MV4B
REQUEST,2025-08-22T14:07:44.2816125Z,1755871664281,ORD-1095,110.95,,,,,1,,,,ORD-1095,Sell,SELL,Market,REQUEST,,,110.95,,1,,HARNESS,DESKTOP-584MV4B
ACK,2025-08-22T14:07:44.2822004Z,1755871664282,ORD-1095,110.95,,,,,1,,,,ORD-1095,Sell,SELL,Market,ACK,,1,110.95,,1,,HARNESS,DESKTOP-584MV4B
FILL,2025-08-22T14:07:44.2827146Z,1755871664282,ORD-1095,110.95,,110.9495,,,1,1,-0.0005000000000023874,filled,ORD-1095,Sell,SELL,Market,FILL,filled,1,110.95,110.9495,1,1,HARNESS,DESKTOP-584MV4B
REQUEST,2025-08-22T14:07:44.5168755Z,1755871664516,ORD-1110,111.1,111.05,,,,1,,,,ORD-1110,Buy,BUY,Market,REQUEST,,,111.1,,1,,HARNESS,DESKTOP-584MV4B
ACK,2025-08-22T14:07:44.5171649Z,1755871664517,ORD-1110,111.1,111.05,,,,1,,,,ORD-1110,Buy,BUY,Market,ACK,,1,111.1,,1,,HARNESS,DESKTOP-584MV4B
FILL,2025-08-22T14:07:44.5172927Z,1755871664517,ORD-1110,111.1,111.05,111.1005,,,1,1,0.0005000000000023874,filled,ORD-1110,Buy,BUY,Market,FILL,filled,1,111.1,111.1005,1,1,HARNESS,DESKTOP-584MV4B
REQUEST,2025-08-22T14:07:44.7604492Z,1755871664760,ORD-1125,111.25,,,,,1,,,,ORD-1125,Sell,SELL,Market,REQUEST,,,111.25,,1,,HARNESS,DESKTOP-584MV4B
ACK,2025-08-22T14:07:44.7607929Z,1755871664760,ORD-1125,111.25,,,,,1,,,,ORD-1125,Sell,SELL,Market,ACK,,0,111.25,,1,,HARNESS,DESKTOP-584MV4B
FILL,2025-08-22T14:07:44.7612287Z,1755871664761,ORD-1125,111.25,,111.2495,,,1,1,-0.0005000000000023874,filled,ORD-1125,Sell,SELL,Market,FILL,filled,1,111.25,111.2495,1,1,HARNESS,DESKTOP-584MV4B
REQUEST,2025-08-22T14:07:44.9924870Z,1755871664992,ORD-1140,111.4,111.35000000000001,,,,1,,,,ORD-1140,Buy,BUY,Market,REQUEST,,,111.4,,1,,HARNESS,DESKTOP-584MV4B
ACK,2025-08-22T14:07:44.9931128Z,1755871664993,ORD-1140,111.4,111.35000000000001,,,,1,,,,ORD-1140,Buy,BUY,Market,ACK,,1,111.4,,1,,HARNESS,DESKTOP-584MV4B
FILL,2025-08-22T14:07:44.9934215Z,1755871664993,ORD-1140,111.4,111.35000000000001,111.40050000000001,,,1,1,0.0005000000000023874,filled,ORD-1140,Buy,BUY,Market,FILL,filled,1,111.4,111.40050000000001,1,1,HARNESS,DESKTOP-584MV4B
REQUEST,2025-08-22T14:07:45.2263136Z,1755871665226,ORD-1155,111.55,,,,,1,,,,ORD-1155,Sell,SELL,Market,REQUEST,,,111.55,,1,,HARNESS,DESKTOP-584MV4B
ACK,2025-08-22T14:07:45.2269269Z,1755871665226,ORD-1155,111.55,,,,,1,,,,ORD-1155,Sell,SELL,Market,ACK,,0,111.55,,1,,HARNESS,DESKTOP-584MV4B
FILL,2025-08-22T14:07:45.2274663Z,1755871665227,ORD-1155,111.55,,111.5495,,,1,1,-0.0005000000000023874,filled,ORD-1155,Sell,SELL,Market,FILL,filled,1,111.55,111.5495,1,1,HARNESS,DESKTOP-584MV4B
REQUEST,2025-08-22T14:07:45.4738261Z,1755871665473,ORD-1170,111.7,111.65,,,,1,,,,ORD-1170,Buy,BUY,Market,REQUEST,,,111.7,,1,,HARNESS,DESKTOP-584MV4B
ACK,2025-08-22T14:07:45.4744878Z,1755871665474,ORD-1170,111.7,111.65,,,,1,,,,ORD-1170,Buy,BUY,Market,ACK,,1,111.7,,1,,HARNESS,DESKTOP-584MV4B
FILL,2025-08-22T14:07:45.4748449Z,1755871665474,ORD-1170,111.7,111.65,111.7005,,,1,1,0.0005000000000023874,filled,ORD-1170,Buy,BUY,Market,FILL,filled,1,111.7,111.7005,1,1,HARNESS,DESKTOP-584MV4B
REQUEST,2025-08-22T14:07:45.7073898Z,1755871665707,ORD-1185,111.85,,,,,1,,,,ORD-1185,Sell,SELL,Market,REQUEST,,,111.85,,1,,HARNESS,DESKTOP-584MV4B
ACK,2025-08-22T14:07:45.7079847Z,1755871665707,ORD-1185,111.85,,,,,1,,,,ORD-1185,Sell,SELL,Market,ACK,,0,111.85,,1,,HARNESS,DESKTOP-584MV4B
FILL,2025-08-22T14:07:45.7086451Z,1755871665708,ORD-1185,111.85,,111.84949999999999,,,1,1,-0.0005000000000023874,filled,ORD-1185,Sell,SELL,Market,FILL,filled,1,111.85,111.84949999999999,1,1,HARNESS,DESKTOP-584MV4B
REQUEST,2025-08-22T14:07:45.9384148Z,1755871665938,ORD-1200,112,111.95,,,,1,,,,ORD-1200,Buy,BUY,Market,REQUEST,,,112,,1,,HARNESS,DESKTOP-584MV4B
ACK,2025-08-22T14:07:45.9388082Z,1755871665938,ORD-1200,112,111.95,,,,1,,,,ORD-1200,Buy,BUY,Market,ACK,,0,112,,1,,HARNESS,DESKTOP-584MV4B
FILL,2025-08-22T14:07:45.9391795Z,1755871665939,ORD-1200,112,111.95,112.0005,,,1,1,0.0005000000000023874,filled,ORD-1200,Buy,BUY,Market,FILL,filled,1,112,112.0005,1,1,HARNESS,DESKTOP-584MV4B
REQUEST,2025-08-22T14:07:46.1839978Z,1755871666183,ORD-1215,112.15,,,,,1,,,,ORD-1215,Sell,SELL,Market,REQUEST,,,112.15,,1,,HARNESS,DESKTOP-584MV4B
ACK,2025-08-22T14:07:46.1845905Z,1755871666184,ORD-1215,112.15,,,,,1,,,,ORD-1215,Sell,SELL,Market,ACK,,1,112.15,,1,,HARNESS,DESKTOP-584MV4B
FILL,2025-08-22T14:07:46.1850442Z,1755871666185,ORD-1215,112.15,,112.1495,,,1,1,-0.0005000000000023874,filled,ORD-1215,Sell,SELL,Market,FILL,filled,2,112.15,112.1495,1,1,HARNESS,DESKTOP-584MV4B
REQUEST,2025-08-22T14:07:46.4157665Z,1755871666415,ORD-1230,112.3,112.25,,,,1,,,,ORD-1230,Buy,BUY,Market,REQUEST,,,112.3,,1,,HARNESS,DESKTOP-584MV4B
ACK,2025-08-22T14:07:46.4161637Z,1755871666416,ORD-1230,112.3,112.25,,,,1,,,,ORD-1230,Buy,BUY,Market,ACK,,1,112.3,,1,,HARNESS,DESKTOP-584MV4B
FILL,2025-08-22T14:07:46.4163206Z,1755871666416,ORD-1230,112.3,112.25,112.3005,,,1,1,0.0005000000000023874,filled,ORD-1230,Buy,BUY,Market,FILL,filled,1,112.3,112.3005,1,1,HARNESS,DESKTOP-584MV4B
REQUEST,2025-08-22T14:07:46.6473619Z,1755871666647,ORD-1245,112.45,,,,,1,,,,ORD-1245,Sell,SELL,Market,REQUEST,,,112.45,,1,,HARNESS,DESKTOP-584MV4B
ACK,2025-08-22T14:07:46.6481215Z,1755871666648,ORD-1245,112.45,,,,,1,,,,ORD-1245,Sell,SELL,Market,ACK,,1,112.45,,1,,HARNESS,DESKTOP-584MV4B
FILL,2025-08-22T14:07:46.6485039Z,1755871666648,ORD-1245,112.45,,112.4495,,,1,1,-0.0005000000000023874,filled,ORD-1245,Sell,SELL,Market,FILL,filled,1,112.45,112.4495,1,1,HARNESS,DESKTOP-584MV4B
REQUEST,2025-08-22T14:07:46.8926040Z,1755871666892,ORD-1260,112.6,112.55,,,,1,,,,ORD-1260,Buy,BUY,Market,REQUEST,,,112.6,,1,,HARNESS,DESKTOP-584MV4B
ACK,2025-08-22T14:07:46.8928867Z,1755871666892,ORD-1260,112.6,112.55,,,,1,,,,ORD-1260,Buy,BUY,Market,ACK,,0,112.6,,1,,HARNESS,DESKTOP-584MV4B
FILL,2025-08-22T14:07:46.8930223Z,1755871666893,ORD-1260,112.6,112.55,112.6005,,,1,1,0.0005000000000023874,filled,ORD-1260,Buy,BUY,Market,FILL,filled,1,112.6,112.6005,1,1,HARNESS,DESKTOP-584MV4B
REQUEST,2025-08-22T14:07:47.1265587Z,1755871667126,ORD-1275,112.75,,,,,1,,,,ORD-1275,Sell,SELL,Market,REQUEST,,,112.75,,1,,HARNESS,DESKTOP-584MV4B
ACK,2025-08-22T14:07:47.1269422Z,1755871667126,ORD-1275,112.75,,,,,1,,,,ORD-1275,Sell,SELL,Market,ACK,,0,112.75,,1,,HARNESS,DESKTOP-584MV4B
FILL,2025-08-22T14:07:47.1270846Z,1755871667127,ORD-1275,112.75,,112.7495,,,1,1,-0.0005000000000023874,filled,ORD-1275,Sell,SELL,Market,FILL,filled,1,112.75,112.7495,1,1,HARNESS,DESKTOP-584MV4B
REQUEST,2025-08-22T14:07:47.3584218Z,1755871667358,ORD-1290,112.9,112.85000000000001,,,,1,,,,ORD-1290,Buy,BUY,Market,REQUEST,,,112.9,,1,,HARNESS,DESKTOP-584MV4B
ACK,2025-08-22T14:07:47.3586969Z,1755871667358,ORD-1290,112.9,112.85000000000001,,,,1,,,,ORD-1290,Buy,BUY,Market,ACK,,0,112.9,,1,,HARNESS,DESKTOP-584MV4B
FILL,2025-08-22T14:07:47.3588111Z,1755871667358,ORD-1290,112.9,112.85000000000001,112.90050000000001,,,1,1,0.0005000000000023874,filled,ORD-1290,Buy,BUY,Market,FILL,filled,0,112.9,112.90050000000001,1,1,HARNESS,DESKTOP-584MV4B
REQUEST,2025-08-22T14:07:47.6048297Z,1755871667604,ORD-1305,113.05,,,,,1,,,,ORD-1305,Sell,SELL,Market,REQUEST,,,113.05,,1,,HARNESS,DESKTOP-584MV4B
ACK,2025-08-22T14:07:47.6051065Z,1755871667605,ORD-1305,113.05,,,,,1,,,,ORD-1305,Sell,SELL,Market,ACK,,1,113.05,,1,,HARNESS,DESKTOP-584MV4B
FILL,2025-08-22T14:07:47.6052133Z,1755871667605,ORD-1305,113.05,,113.0495,,,1,1,-0.0005000000000023874,filled,ORD-1305,Sell,SELL,Market,FILL,filled,1,113.05,113.0495,1,1,HARNESS,DESKTOP-584MV4B
REQUEST,2025-08-22T14:07:47.8370061Z,1755871667837,ORD-1320,113.2,113.15,,,,1,,,,ORD-1320,Buy,BUY,Market,REQUEST,,,113.2,,1,,HARNESS,DESKTOP-584MV4B
ACK,2025-08-22T14:07:47.8376544Z,1755871667837,ORD-1320,113.2,113.15,,,,1,,,,ORD-1320,Buy,BUY,Market,ACK,,0,113.2,,1,,HARNESS,DESKTOP-584MV4B
FILL,2025-08-22T14:07:47.8379328Z,1755871667837,ORD-1320,113.2,113.15,113.2005,,,1,1,0.0005000000000023874,filled,ORD-1320,Buy,BUY,Market,FILL,filled,0,113.2,113.2005,1,1,HARNESS,DESKTOP-584MV4B
REQUEST,2025-08-22T14:07:48.0828725Z,1755871668082,ORD-1335,113.35,,,,,1,,,,ORD-1335,Sell,SELL,Market,REQUEST,,,113.35,,1,,HARNESS,DESKTOP-584MV4B
ACK,2025-08-22T14:07:48.0834397Z,1755871668083,ORD-1335,113.35,,,,,1,,,,ORD-1335,Sell,SELL,Market,ACK,,1,113.35,,1,,HARNESS,DESKTOP-584MV4B
FILL,2025-08-22T14:07:48.0837418Z,1755871668083,ORD-1335,113.35,,113.34949999999999,,,1,1,-0.0005000000000023874,filled,ORD-1335,Sell,SELL,Market,FILL,filled,1,113.35,113.34949999999999,1,1,HARNESS,DESKTOP-584MV4B
REQUEST,2025-08-22T14:07:48.3170133Z,1755871668317,ORD-1350,113.5,113.45,,,,1,,,,ORD-1350,Buy,BUY,Market,REQUEST,,,113.5,,1,,HARNESS,DESKTOP-584MV4B
ACK,2025-08-22T14:07:48.3176785Z,1755871668317,ORD-1350,113.5,113.45,,,,1,,,,ORD-1350,Buy,BUY,Market,ACK,,0,113.5,,1,,HARNESS,DESKTOP-584MV4B
FILL,2025-08-22T14:07:48.3180421Z,1755871668318,ORD-1350,113.5,113.45,113.5005,,,1,1,0.0005000000000023874,filled,ORD-1350,Buy,BUY,Market,FILL,filled,1,113.5,113.5005,1,1,HARNESS,DESKTOP-584MV4B
REQUEST,2025-08-22T14:07:48.5519806Z,1755871668551,ORD-1365,113.65,,,,,1,,,,ORD-1365,Sell,SELL,Market,REQUEST,,,113.65,,1,,HARNESS,DESKTOP-584MV4B
ACK,2025-08-22T14:07:48.5524822Z,1755871668552,ORD-1365,113.65,,,,,1,,,,ORD-1365,Sell,SELL,Market,ACK,,1,113.65,,1,,HARNESS,DESKTOP-584MV4B
FILL,2025-08-22T14:07:48.5527868Z,1755871668552,ORD-1365,113.65,,113.6495,,,1,1,-0.0005000000000023874,filled,ORD-1365,Sell,SELL,Market,FILL,filled,1,113.65,113.6495,1,1,HARNESS,DESKTOP-584MV4B
REQUEST,2025-08-22T14:07:48.7849510Z,1755871668784,ORD-1380,113.8,113.75,,,,1,,,,ORD-1380,Buy,BUY,Market,REQUEST,,,113.8,,1,,HARNESS,DESKTOP-584MV4B
ACK,2025-08-22T14:07:48.7855819Z,1755871668785,ORD-1380,113.8,113.75,,,,1,,,,ORD-1380,Buy,BUY,Market,ACK,,1,113.8,,1,,HARNESS,DESKTOP-584MV4B
FILL,2025-08-22T14:07:48.7858633Z,1755871668785,ORD-1380,113.8,113.75,113.8005,,,1,1,0.0005000000000023874,filled,ORD-1380,Buy,BUY,Market,FILL,filled,1,113.8,113.8005,1,1,HARNESS,DESKTOP-584MV4B
REQUEST,2025-08-22T14:07:49.0274307Z,1755871669027,ORD-1395,113.95,,,,,1,,,,ORD-1395,Sell,SELL,Market,REQUEST,,,113.95,,1,,HARNESS,DESKTOP-584MV4B
ACK,2025-08-22T14:07:49.0277086Z,1755871669027,ORD-1395,113.95,,,,,1,,,,ORD-1395,Sell,SELL,Market,ACK,,0,113.95,,1,,HARNESS,DESKTOP-584MV4B
FILL,2025-08-22T14:07:49.0279021Z,1755871669027,ORD-1395,113.95,,113.9495,,,1,1,-0.0005000000000023874,filled,ORD-1395,Sell,SELL,Market,FILL,filled,0,113.95,113.9495,1,1,HARNESS,DESKTOP-584MV4B
REQUEST,2025-08-22T14:07:49.2602776Z,1755871669260,ORD-1410,114.1,114.05,,,,1,,,,ORD-1410,Buy,BUY,Market,REQUEST,,,114.1,,1,,HARNESS,DESKTOP-584MV4B
ACK,2025-08-22T14:07:49.2606109Z,1755871669260,ORD-1410,114.1,114.05,,,,1,,,,ORD-1410,Buy,BUY,Market,ACK,,0,114.1,,1,,HARNESS,DESKTOP-584MV4B
FILL,2025-08-22T14:07:49.2607343Z,1755871669260,ORD-1410,114.1,114.05,114.1005,,,1,1,0.0005000000000023874,filled,ORD-1410,Buy,BUY,Market,FILL,filled,0,114.1,114.1005,1,1,HARNESS,DESKTOP-584MV4B
REQUEST,2025-08-22T14:07:49.4933292Z,1755871669493,ORD-1425,114.25,,,,,1,,,,ORD-1425,Sell,SELL,Market,REQUEST,,,114.25,,1,,HARNESS,DESKTOP-584MV4B
ACK,2025-08-22T14:07:49.4939852Z,1755871669493,ORD-1425,114.25,,,,,1,,,,ORD-1425,Sell,SELL,Market,ACK,,0,114.25,,1,,HARNESS,DESKTOP-584MV4B
FILL,2025-08-22T14:07:49.4945350Z,1755871669494,ORD-1425,114.25,,114.2495,,,1,1,-0.0005000000000023874,filled,ORD-1425,Sell,SELL,Market,FILL,filled,1,114.25,114.2495,1,1,HARNESS,DESKTOP-584MV4B
REQUEST,2025-08-22T14:07:49.7278687Z,1755871669727,ORD-1440,114.4,114.35000000000001,,,,1,,,,ORD-1440,Buy,BUY,Market,REQUEST,,,114.4,,1,,HARNESS,DESKTOP-584MV4B
ACK,2025-08-22T14:07:49.7285396Z,1755871669728,ORD-1440,114.4,114.35000000000001,,,,1,,,,ORD-1440,Buy,BUY,Market,ACK,,1,114.4,,1,,HARNESS,DESKTOP-584MV4B
FILL,2025-08-22T14:07:49.7288760Z,1755871669728,ORD-1440,114.4,114.35000000000001,114.40050000000001,,,1,1,0.0005000000000023874,filled,ORD-1440,Buy,BUY,Market,FILL,filled,1,114.4,114.40050000000001,1,1,HARNESS,DESKTOP-584MV4B
REQUEST,2025-08-22T14:07:49.9769897Z,1755871669976,ORD-1455,114.55,,,,,1,,,,ORD-1455,Sell,SELL,Market,REQUEST,,,114.55,,1,,HARNESS,DESKTOP-584MV4B
ACK,2025-08-22T14:07:49.9776702Z,1755871669977,ORD-1455,114.55,,,,,1,,,,ORD-1455,Sell,SELL,Market,ACK,,1,114.55,,1,,HARNESS,DESKTOP-584MV4B
FILL,2025-08-22T14:07:49.9779933Z,1755871669977,ORD-1455,114.55,,114.5495,,,1,1,-0.0005000000000023874,filled,ORD-1455,Sell,SELL,Market,FILL,filled,1,114.55,114.5495,1,1,HARNESS,DESKTOP-584MV4B
REQUEST,2025-08-22T14:07:50.2096618Z,1755871670209,ORD-1470,114.7,114.65,,,,1,,,,ORD-1470,Buy,BUY,Market,REQUEST,,,114.7,,1,,HARNESS,DESKTOP-584MV4B
ACK,2025-08-22T14:07:50.2100113Z,1755871670210,ORD-1470,114.7,114.65,,,,1,,,,ORD-1470,Buy,BUY,Market,ACK,,1,114.7,,1,,HARNESS,DESKTOP-584MV4B
FILL,2025-08-22T14:07:50.2101552Z,1755871670210,ORD-1470,114.7,114.65,114.7005,,,1,1,0.0005000000000023874,filled,ORD-1470,Buy,BUY,Market,FILL,filled,1,114.7,114.7005,1,1,HARNESS,DESKTOP-584MV4B
REQUEST,2025-08-22T14:07:50.4429009Z,1755871670442,ORD-1485,114.85,,,,,1,,,,ORD-1485,Sell,SELL,Market,REQUEST,,,114.85,,1,,HARNESS,DESKTOP-584MV4B
ACK,2025-08-22T14:07:50.4434463Z,1755871670443,ORD-1485,114.85,,,,,1,,,,ORD-1485,Sell,SELL,Market,ACK,,1,114.85,,1,,HARNESS,DESKTOP-584MV4B
FILL,2025-08-22T14:07:50.4441662Z,1755871670444,ORD-1485,114.85,,114.84949999999999,,,1,1,-0.0005000000000023874,filled,ORD-1485,Sell,SELL,Market,FILL,filled,2,114.85,114.84949999999999,1,1,HARNESS,DESKTOP-584MV4B
REQUEST,2025-08-22T14:07:50.6891068Z,1755871670689,ORD-1500,115,114.95,,,,1,,,,ORD-1500,Buy,BUY,Market,REQUEST,,,115,,1,,HARNESS,DESKTOP-584MV4B
ACK,2025-08-22T14:07:50.6897190Z,1755871670689,ORD-1500,115,114.95,,,,1,,,,ORD-1500,Buy,BUY,Market,ACK,,0,115,,1,,HARNESS,DESKTOP-584MV4B
FILL,2025-08-22T14:07:50.6901509Z,1755871670690,ORD-1500,115,114.95,115.0005,,,1,1,0.0005000000000023874,filled,ORD-1500,Buy,BUY,Market,FILL,filled,1,115,115.0005,1,1,HARNESS,DESKTOP-584MV4B
REQUEST,2025-08-22T14:07:50.9211647Z,1755871670921,ORD-1515,115.15,,,,,1,,,,ORD-1515,Sell,SELL,Market,REQUEST,,,115.15,,1,,HARNESS,DESKTOP-584MV4B
ACK,2025-08-22T14:07:50.9217236Z,1755871670921,ORD-1515,115.15,,,,,1,,,,ORD-1515,Sell,SELL,Market,ACK,,0,115.15,,1,,HARNESS,DESKTOP-584MV4B
FILL,2025-08-22T14:07:50.9220896Z,1755871670922,ORD-1515,115.15,,115.1495,,,1,1,-0.0005000000000023874,filled,ORD-1515,Sell,SELL,Market,FILL,filled,1,115.15,115.1495,1,1,HARNESS,DESKTOP-584MV4B
REQUEST,2025-08-22T14:07:51.1548211Z,1755871671154,ORD-1530,115.3,115.25,,,,1,,,,ORD-1530,Buy,BUY,Market,REQUEST,,,115.3,,1,,HARNESS,DESKTOP-584MV4B
ACK,2025-08-22T14:07:51.1552819Z,1755871671155,ORD-1530,115.3,115.25,,,,1,,,,ORD-1530,Buy,BUY,Market,ACK,,1,115.3,,1,,HARNESS,DESKTOP-584MV4B
FILL,2025-08-22T14:07:51.1556701Z,1755871671155,ORD-1530,115.3,115.25,115.3005,,,1,1,0.0005000000000023874,filled,ORD-1530,Buy,BUY,Market,FILL,filled,1,115.3,115.3005,1,1,HARNESS,DESKTOP-584MV4B
REQUEST,2025-08-22T14:07:51.3980377Z,1755871671398,ORD-1545,115.45,,,,,1,,,,ORD-1545,Sell,SELL,Market,REQUEST,,,115.45,,1,,HARNESS,DESKTOP-584MV4B
ACK,2025-08-22T14:07:51.3983462Z,1755871671398,ORD-1545,115.45,,,,,1,,,,ORD-1545,Sell,SELL,Market,ACK,,0,115.45,,1,,HARNESS,DESKTOP-584MV4B
FILL,2025-08-22T14:07:51.3984677Z,1755871671398,ORD-1545,115.45,,115.4495,,,1,1,-0.0005000000000023874,filled,ORD-1545,Sell,SELL,Market,FILL,filled,0,115.45,115.4495,1,1,HARNESS,DESKTOP-584MV4B
REQUEST,2025-08-22T14:07:51.6314706Z,1755871671631,ORD-1560,115.6,115.55,,,,1,,,,ORD-1560,Buy,BUY,Market,REQUEST,,,115.6,,1,,HARNESS,DESKTOP-584MV4B
ACK,2025-08-22T14:07:51.6321367Z,1755871671632,ORD-1560,115.6,115.55,,,,1,,,,ORD-1560,Buy,BUY,Market,ACK,,1,115.6,,1,,HARNESS,DESKTOP-584MV4B
FILL,2025-08-22T14:07:51.6324603Z,1755871671632,ORD-1560,115.6,115.55,115.6005,,,1,1,0.0005000000000023874,filled,ORD-1560,Buy,BUY,Market,FILL,filled,1,115.6,115.6005,1,1,HARNESS,DESKTOP-584MV4B
REQUEST,2025-08-22T14:07:51.8623821Z,1755871671862,ORD-1575,115.75,,,,,1,,,,ORD-1575,Sell,SELL,Market,REQUEST,,,115.75,,1,,HARNESS,DESKTOP-584MV4B
ACK,2025-08-22T14:07:51.8625902Z,1755871671862,ORD-1575,115.75,,,,,1,,,,ORD-1575,Sell,SELL,Market,ACK,,0,115.75,,1,,HARNESS,DESKTOP-584MV4B
FILL,2025-08-22T14:07:51.8627049Z,1755871671862,ORD-1575,115.75,,115.7495,,,1,1,-0.0005000000000023874,filled,ORD-1575,Sell,SELL,Market,FILL,filled,0,115.75,115.7495,1,1,HARNESS,DESKTOP-584MV4B
REQUEST,2025-08-22T14:07:52.0978954Z,1755871672097,ORD-1590,115.9,115.85000000000001,,,,1,,,,ORD-1590,Buy,BUY,Market,REQUEST,,,115.9,,1,,HARNESS,DESKTOP-584MV4B
ACK,2025-08-22T14:07:52.0985219Z,1755871672098,ORD-1590,115.9,115.85000000000001,,,,1,,,,ORD-1590,Buy,BUY,Market,ACK,,1,115.9,,1,,HARNESS,DESKTOP-584MV4B
FILL,2025-08-22T14:07:52.0987560Z,1755871672098,ORD-1590,115.9,115.85000000000001,115.90050000000001,,,1,1,0.0005000000000023874,filled,ORD-1590,Buy,BUY,Market,FILL,filled,1,115.9,115.90050000000001,1,1,HARNESS,DESKTOP-584MV4B
REQUEST,2025-08-22T14:07:52.3389188Z,1755871672338,ORD-1605,116.05,,,,,1,,,,ORD-1605,Sell,SELL,Market,REQUEST,,,116.05,,1,,HARNESS,DESKTOP-584MV4B
ACK,2025-08-22T14:07:52.3395268Z,1755871672339,ORD-1605,116.05,,,,,1,,,,ORD-1605,Sell,SELL,Market,ACK,,1,116.05,,1,,HARNESS,DESKTOP-584MV4B
FILL,2025-08-22T14:07:52.3398664Z,1755871672339,ORD-1605,116.05,,116.0495,,,1,1,-0.0005000000000023874,filled,ORD-1605,Sell,SELL,Market,FILL,filled,1,116.05,116.0495,1,1,HARNESS,DESKTOP-584MV4B
REQUEST,2025-08-22T14:07:52.5718412Z,1755871672571,ORD-1620,116.2,116.15,,,,1,,,,ORD-1620,Buy,BUY,Market,REQUEST,,,116.2,,1,,HARNESS,DESKTOP-584MV4B
ACK,2025-08-22T14:07:52.5721503Z,1755871672572,ORD-1620,116.2,116.15,,,,1,,,,ORD-1620,Buy,BUY,Market,ACK,,1,116.2,,1,,HARNESS,DESKTOP-584MV4B
FILL,2025-08-22T14:07:52.5723833Z,1755871672572,ORD-1620,116.2,116.15,116.2005,,,1,1,0.0005000000000023874,filled,ORD-1620,Buy,BUY,Market,FILL,filled,1,116.2,116.2005,1,1,HARNESS,DESKTOP-584MV4B
REQUEST,2025-08-22T14:07:52.8164889Z,1755871672816,ORD-1635,116.35,,,,,1,,,,ORD-1635,Sell,SELL,Market,REQUEST,,,116.35,,1,,HARNESS,DESKTOP-584MV4B
ACK,2025-08-22T14:07:52.8168250Z,1755871672816,ORD-1635,116.35,,,,,1,,,,ORD-1635,Sell,SELL,Market,ACK,,0,116.35,,1,,HARNESS,DESKTOP-584MV4B
FILL,2025-08-22T14:07:52.8171239Z,1755871672817,ORD-1635,116.35,,116.34949999999999,,,1,1,-0.0005000000000023874,filled,ORD-1635,Sell,SELL,Market,FILL,filled,1,116.35,116.34949999999999,1,1,HARNESS,DESKTOP-584MV4B
REQUEST,2025-08-22T14:07:53.0475156Z,1755871673047,ORD-1650,116.5,116.45,,,,1,,,,ORD-1650,Buy,BUY,Market,REQUEST,,,116.5,,1,,HARNESS,DESKTOP-584MV4B
ACK,2025-08-22T14:07:53.0477660Z,1755871673047,ORD-1650,116.5,116.45,,,,1,,,,ORD-1650,Buy,BUY,Market,ACK,,0,116.5,,1,,HARNESS,DESKTOP-584MV4B
FILL,2025-08-22T14:07:53.0481289Z,1755871673048,ORD-1650,116.5,116.45,116.5005,,,1,1,0.0005000000000023874,filled,ORD-1650,Buy,BUY,Market,FILL,filled,1,116.5,116.5005,1,1,HARNESS,DESKTOP-584MV4B
REQUEST,2025-08-22T14:07:53.2951932Z,1755871673295,ORD-1665,116.65,,,,,1,,,,ORD-1665,Sell,SELL,Market,REQUEST,,,116.65,,1,,HARNESS,DESKTOP-584MV4B
ACK,2025-08-22T14:07:53.2957649Z,1755871673295,ORD-1665,116.65,,,,,1,,,,ORD-1665,Sell,SELL,Market,ACK,,0,116.65,,1,,HARNESS,DESKTOP-584MV4B
FILL,2025-08-22T14:07:53.2965742Z,1755871673296,ORD-1665,116.65,,116.6495,,,1,1,-0.0005000000000023874,filled,ORD-1665,Sell,SELL,Market,FILL,filled,1,116.65,116.6495,1,1,HARNESS,DESKTOP-584MV4B
REQUEST,2025-08-22T14:07:53.5297683Z,1755871673529,ORD-1680,116.8,116.75,,,,1,,,,ORD-1680,Buy,BUY,Market,REQUEST,,,116.8,,1,,HARNESS,DESKTOP-584MV4B
ACK,2025-08-22T14:07:53.5300475Z,1755871673530,ORD-1680,116.8,116.75,,,,1,,,,ORD-1680,Buy,BUY,Market,ACK,,1,116.8,,1,,HARNESS,DESKTOP-584MV4B
FILL,2025-08-22T14:07:53.5301693Z,1755871673530,ORD-1680,116.8,116.75,116.8005,,,1,1,0.0005000000000023874,filled,ORD-1680,Buy,BUY,Market,FILL,filled,1,116.8,116.8005,1,1,HARNESS,DESKTOP-584MV4B
REQUEST,2025-08-22T14:07:53.7620498Z,1755871673762,ORD-1695,116.95,,,,,1,,,,ORD-1695,Sell,SELL,Market,REQUEST,,,116.95,,1,,HARNESS,DESKTOP-584MV4B
ACK,2025-08-22T14:07:53.7626778Z,1755871673762,ORD-1695,116.95,,,,,1,,,,ORD-1695,Sell,SELL,Market,ACK,,0,116.95,,1,,HARNESS,DESKTOP-584MV4B
FILL,2025-08-22T14:07:53.7635742Z,1755871673763,ORD-1695,116.95,,116.9495,,,1,1,-0.0005000000000023874,filled,ORD-1695,Sell,SELL,Market,FILL,filled,1,116.95,116.9495,1,1,HARNESS,DESKTOP-584MV4B
REQUEST,2025-08-22T14:07:54.0079074Z,1755871674007,ORD-1710,117.1,117.05,,,,1,,,,ORD-1710,Buy,BUY,Market,REQUEST,,,117.1,,1,,HARNESS,DESKTOP-584MV4B
ACK,2025-08-22T14:07:54.0087583Z,1755871674008,ORD-1710,117.1,117.05,,,,1,,,,ORD-1710,Buy,BUY,Market,ACK,,1,117.1,,1,,HARNESS,DESKTOP-584MV4B
FILL,2025-08-22T14:07:54.0094587Z,1755871674009,ORD-1710,117.1,117.05,117.1005,,,1,1,0.0005000000000023874,filled,ORD-1710,Buy,BUY,Market,FILL,filled,2,117.1,117.1005,1,1,HARNESS,DESKTOP-584MV4B
REQUEST,2025-08-22T14:07:54.2414729Z,1755871674241,ORD-1725,117.25,,,,,1,,,,ORD-1725,Sell,SELL,Market,REQUEST,,,117.25,,1,,HARNESS,DESKTOP-584MV4B
ACK,2025-08-22T14:07:54.2422193Z,1755871674242,ORD-1725,117.25,,,,,1,,,,ORD-1725,Sell,SELL,Market,ACK,,1,117.25,,1,,HARNESS,DESKTOP-584MV4B
FILL,2025-08-22T14:07:54.2427608Z,1755871674242,ORD-1725,117.25,,117.2495,,,1,1,-0.0005000000000023874,filled,ORD-1725,Sell,SELL,Market,FILL,filled,1,117.25,117.2495,1,1,HARNESS,DESKTOP-584MV4B
REQUEST,2025-08-22T14:07:54.4750091Z,1755871674475,ORD-1740,117.4,117.35000000000001,,,,1,,,,ORD-1740,Buy,BUY,Market,REQUEST,,,117.4,,1,,HARNESS,DESKTOP-584MV4B
ACK,2025-08-22T14:07:54.4755757Z,1755871674475,ORD-1740,117.4,117.35000000000001,,,,1,,,,ORD-1740,Buy,BUY,Market,ACK,,0,117.4,,1,,HARNESS,DESKTOP-584MV4B
FILL,2025-08-22T14:07:54.4761006Z,1755871674476,ORD-1740,117.4,117.35000000000001,117.40050000000001,,,1,1,0.0005000000000023874,filled,ORD-1740,Buy,BUY,Market,FILL,filled,1,117.4,117.40050000000001,1,1,HARNESS,DESKTOP-584MV4B
REQUEST,2025-08-22T14:07:54.7126738Z,1755871674712,ORD-1755,117.55,,,,,1,,,,ORD-1755,Sell,SELL,Market,REQUEST,,,117.55,,1,,HARNESS,DESKTOP-584MV4B
ACK,2025-08-22T14:07:54.7133606Z,1755871674713,ORD-1755,117.55,,,,,1,,,,ORD-1755,Sell,SELL,Market,ACK,,1,117.55,,1,,HARNESS,DESKTOP-584MV4B
FILL,2025-08-22T14:07:54.7137288Z,1755871674713,ORD-1755,117.55,,117.5495,,,1,1,-0.0005000000000023874,filled,ORD-1755,Sell,SELL,Market,FILL,filled,1,117.55,117.5495,1,1,HARNESS,DESKTOP-584MV4B
REQUEST,2025-08-22T14:07:54.9557059Z,1755871674955,ORD-1770,117.7,117.65,,,,1,,,,ORD-1770,Buy,BUY,Market,REQUEST,,,117.7,,1,,HARNESS,DESKTOP-584MV4B
ACK,2025-08-22T14:07:54.9560206Z,1755871674956,ORD-1770,117.7,117.65,,,,1,,,,ORD-1770,Buy,BUY,Market,ACK,,1,117.7,,1,,HARNESS,DESKTOP-584MV4B
FILL,2025-08-22T14:07:54.9562290Z,1755871674956,ORD-1770,117.7,117.65,117.7005,,,1,1,0.0005000000000023874,filled,ORD-1770,Buy,BUY,Market,FILL,filled,1,117.7,117.7005,1,1,HARNESS,DESKTOP-584MV4B
REQUEST,2025-08-22T14:07:55.1882385Z,1755871675188,ORD-1785,117.85,,,,,1,,,,ORD-1785,Sell,SELL,Market,REQUEST,,,117.85,,1,,HARNESS,DESKTOP-584MV4B
ACK,2025-08-22T14:07:55.1885854Z,1755871675188,ORD-1785,117.85,,,,,1,,,,ORD-1785,Sell,SELL,Market,ACK,,0,117.85,,1,,HARNESS,DESKTOP-584MV4B
FILL,2025-08-22T14:07:55.1887098Z,1755871675188,ORD-1785,117.85,,117.84949999999999,,,1,1,-0.0005000000000023874,filled,ORD-1785,Sell,SELL,Market,FILL,filled,0,117.85,117.84949999999999,1,1,HARNESS,DESKTOP-584MV4B
REQUEST,2025-08-22T14:07:55.4226888Z,1755871675422,ORD-1800,118,117.95,,,,1,,,,ORD-1800,Buy,BUY,Market,REQUEST,,,118,,1,,HARNESS,DESKTOP-584MV4B
ACK,2025-08-22T14:07:55.4233049Z,1755871675423,ORD-1800,118,117.95,,,,1,,,,ORD-1800,Buy,BUY,Market,ACK,,1,118,,1,,HARNESS,DESKTOP-584MV4B
FILL,2025-08-22T14:07:55.4236341Z,1755871675423,ORD-1800,118,117.95,118.0005,,,1,1,0.0005000000000023874,filled,ORD-1800,Buy,BUY,Market,FILL,filled,1,118,118.0005,1,1,HARNESS,DESKTOP-584MV4B
REQUEST,2025-08-22T14:07:55.6568355Z,1755871675656,ORD-1815,118.15,,,,,1,,,,ORD-1815,Sell,SELL,Market,REQUEST,,,118.15,,1,,HARNESS,DESKTOP-584MV4B
ACK,2025-08-22T14:07:55.6573589Z,1755871675657,ORD-1815,118.15,,,,,1,,,,ORD-1815,Sell,SELL,Market,ACK,,1,118.15,,1,,HARNESS,DESKTOP-584MV4B
FILL,2025-08-22T14:07:55.6576580Z,1755871675657,ORD-1815,118.15,,118.1495,,,1,1,-0.0005000000000023874,filled,ORD-1815,Sell,SELL,Market,FILL,filled,1,118.15,118.1495,1,1,HARNESS,DESKTOP-584MV4B
REQUEST,2025-08-22T14:07:55.9019532Z,1755871675901,ORD-1830,118.3,118.25,,,,1,,,,ORD-1830,Buy,BUY,Market,REQUEST,,,118.3,,1,,HARNESS,DESKTOP-584MV4B
ACK,2025-08-22T14:07:55.9025105Z,1755871675902,ORD-1830,118.3,118.25,,,,1,,,,ORD-1830,Buy,BUY,Market,ACK,,1,118.3,,1,,HARNESS,DESKTOP-584MV4B
FILL,2025-08-22T14:07:55.9028220Z,1755871675902,ORD-1830,118.3,118.25,118.3005,,,1,1,0.0005000000000023874,filled,ORD-1830,Buy,BUY,Market,FILL,filled,1,118.3,118.3005,1,1,HARNESS,DESKTOP-584MV4B
