{
    "host":  "DESKTOP-584MV4B",
    "artifact_path":  ".\\artifacts_ascii\\paper_run_20250823_184357\\h_00\\telemetry_run_20250823_184358",
    "start_time_iso":  "2025-08-23T11:43:58.5588187Z",
    "config_snapshot":  {
                            "simulation":  {
                                               "fill_probability":  0.9
                                           },
                            "config_path":  "",
                            "execution":  {
                                              "fee_per_trade":  0.02,
                                              "fee_percent":  0,
                                              "spread_pips":  0
                                          }
                        },
    "git_commit":  "1594c798e6c526820e355a4bdf72a0fcb9a7b98b",
    "run_id":  "bd9df927-6c93-4484-854e-3bd6664feabb"
}