{
    "timestamp":  "2025-08-24T13:31:23",
    "results":  [
                    {
                        "max_drawdown":  68.5499999999829,
                        "retries":  0,
                        "reconcile_report":  {
                                                 "request_count":  1193,
                                                 "fill_count":  1076,
                                                 "closed_trades_count":  540,
                                                 "orphan_fills_count":  0,
                                                 "orphan_closes_count":  0,
                                                 "sample_orphan_fills":  {

                                                                         },
                                                 "sample_orphan_closes":  {

                                                                          }
                                             },
                        "closed_trades_count":  540,
                        "fill_rate":  0.9019,
                        "orphan_before":  0,
                        "status":  "COMPLETED",
                        "total_pnl":  400.20000000002437,
                        "fills":  1076,
                        "orphan_after":  0,
                        "reconstruct_report":  {
                                                   "fills_total":  1076,
                                                   "closed_trades":  540,
                                                   "orphan_before":  1076,
                                                   "orphan_after":  0,
                                                   "estimated_orphan_fills_after_reconstruct":  0,
                                                   "matched_count":  1080,
                                                   "unmatched_ids":  [

                                                                     ],
                                                   "output":  "C:\\Users\\TechCare\\AppData\\Local\\Temp\\botg_artifacts_orchestrator_compressed_20250824_132616\\telemetry_run_20250824_132617\\closed_trades_fifo_reconstructed.csv"
                                               },
                        "zip":  "D:\\OneDrive\\Tài liệu\\cAlgo\\Sources\\Robots\\BotG\\artifacts_ascii\\paper_run_compressed_fillprob_0_9_20250824_132616\\telemetry_run_20250824_132617\\telemetry_run_20250824_132617.zip",
                        "run_dir":  "D:\\OneDrive\\Tài liệu\\cAlgo\\Sources\\Robots\\BotG\\artifacts_ascii\\paper_run_compressed_fillprob_0_9_20250824_132616\\telemetry_run_20250824_132617",
                        "requests":  1193,
                        "run_metadata":  {
                                             "start_time_iso":  "2025-08-24T06:26:17.6490716Z",
                                             "run_id":  "ee992467-db77-4f41-b8b6-ac31a3df1585",
                                             "start_time":  "2025-08-24T06:26:17.6490716Z",
                                             "git_sha":  "21937fc1ea4dd5088d7a54a802ee05a637e6485d",
                                             "DrainSeconds":  30,
                                             "SecondsPerHour":  300,
                                             "host":  "DESKTOP-584MV4B",
                                             "FillProbability":  0.9,
                                             "git_commit":  "21937fc1ea4dd5088d7a54a802ee05a637e6485d",
                                             "sim_seed":  42,
                                             "GracefulShutdownWaitSeconds":  5,
                                             "artifact_path":  "C:\\Users\\TechCare\\AppData\\Local\\Temp\\botg_artifacts_orchestrator_compressed_20250824_132616\\telemetry_run_20250824_132617",
                                             "config_snapshot":  {
                                                                     "simulation":  {
                                                                                        "fill_probability":  0.9,
                                                                                        "enabled":  true
                                                                                    },
                                                                     "config_path":  "",
                                                                     "drain_seconds":  30,
                                                                     "execution":  {
                                                                                       "fee_per_trade":  0,
                                                                                       "fee_percent":  0,
                                                                                       "spread_pips":  0
                                                                                   },
                                                                     "seconds_per_hour":  300
                                                                 },
                                             "extra":  {
                                                           "sim_seed":  42,
                                                           "seconds":  null,
                                                           "seconds_per_hour":  300,
                                                           "drain_seconds":  30,
                                                           "graceful_shutdown_wait_seconds":  5,
                                                           "use_simulation":  true,
                                                           "fill_probability":  0.9
                                                       }
                                         },
                        "name":  "compressed",
                        "base_out":  "D:\\OneDrive\\Tài liệu\\cAlgo\\Sources\\Robots\\BotG\\artifacts_ascii\\paper_run_compressed_fillprob_0_9_20250824_132616"
                    }
                ]
}