{
  "start_time_iso": "2025-08-24T05:39:37.9092882Z",
  "run_id": "65a76368-f6eb-4b3d-8c64-9ac8686573dd",
  "start_time": "2025-08-24T05:39:37.9106386Z",
  "git_sha": "21937fc1ea4dd5088d7a54a802ee05a637e6485d",
  "DrainSeconds": 90,
  "SecondsPerHour": 300,
  "host": "DESKTOP-584MV4B",
  "FillProbability": 0.9,
  "git_commit": "21937fc1ea4dd5088d7a54a802ee05a637e6485d",
  "sim_seed": 42,
  "GracefulShutdownWaitSeconds": 10,
  "artifact_path": "C:\\Users\\TechCare\\AppData\\Local\\Temp\\botg_artifacts_orchestrator_retry_compressed_20250824_123936\\telemetry_run_20250824_123937",
  "config_snapshot": {
    "simulation": {
      "fill_probability": 0.9,
      "enabled": true
    },
    "config_path": "",
    "drain_seconds": 90,
    "execution": {
      "fee_per_trade": 0,
      "fee_percent": 0,
      "spread_pips": 0
    },
    "seconds_per_hour": 300
  },
  "extra": {
    "sim_seed": 42,
    "seconds": null,
    "seconds_per_hour": 300,
    "drain_seconds": 30,
    "graceful_shutdown_wait_seconds": 5,
    "use_simulation": true,
    "fill_probability": 0.9
  }
}