{
    "timestamp":  "2025-08-24T12:11:04",
    "results":  [
                    {
                        "run_dir":  "D:\\OneDrive\\Tài liệu\\cAlgo\\Sources\\Robots\\BotG\\artifacts_ascii\\paper_run_compressed_fillprob_0_9_20250824_121103\\telemetry_run_20250824_120318",
                        "status":  "MISSING_ARTIFACTS",
                        "base_out":  "D:\\OneDrive\\Tài liệu\\cAlgo\\Sources\\Robots\\BotG\\artifacts_ascii\\paper_run_compressed_fillprob_0_9_20250824_121103",
                        "name":  "compressed_fillprob_0_9",
                        "missing":  [
                                        "D:\\OneDrive\\Tài liệu\\cAlgo\\Sources\\Robots\\BotG\\artifacts_ascii\\paper_run_compressed_fillprob_0_9_20250824_121103\\telemetry_run_20250824_120318\\run_metadata.json",
                                        "D:\\OneDrive\\Tài liệu\\cAlgo\\Sources\\Robots\\BotG\\artifacts_ascii\\paper_run_compressed_fillprob_0_9_20250824_121103\\telemetry_run_20250824_120318\\orders.csv"
                                    ]
                    }
                ]
}