phase,timestamp_iso,epoch_ms,orderId,intendedPrice,stopLoss,execPrice,theoretical_lots,theoretical_units,requestedVolume,filledSize,slippage,brokerMsg,client_order_id,side,action,type,status,reason,latency_ms,price_requested,price_filled,size_requested,size_filled,session,host
REQUEST,2025-08-23T03:40:24.1966739Z,1755920424196,ORD-0,100,99.95,,,,1,,,,ORD-0,Buy,BUY,Market,REQUEST,,,100,,1,,HARNESS,DESKTOP-584MV4B
ACK,2025-08-23T03:40:24.2046227Z,1755920424204,ORD-0,100,99.95,,,,1,,,,ORD-0,Buy,BUY,Market,ACK,,8,100,,1,,HARNESS,DESKTOP-584MV4B
FILL,2025-08-23T03:40:24.2076578Z,1755920424207,ORD-0,100,99.95,100.0005,,,1,1,0.0005000000000023874,filled,ORD-0,Buy,BUY,Market,FILL,filled,11,100,100.0005,1,1,HARNESS,DESKTOP-584MV4B
REQUEST,2025-08-23T03:40:24.4445925Z,1755920424444,ORD-15,100.15,,,,,1,,,,ORD-15,Sell,SELL,Market,REQUEST,,,100.15,,1,,HARNESS,DESKTOP-584MV4B
ACK,2025-08-23T03:40:24.4469186Z,1755920424446,ORD-15,100.15,,,,,1,,,,ORD-15,Sell,SELL,Market,ACK,,2,100.15,,1,,HARNESS,DESKTOP-584MV4B
FILL,2025-08-23T03:40:24.4471003Z,1755920424447,ORD-15,100.15,,100.1495,,,1,1,-0.0005000000000023874,filled,ORD-15,Sell,SELL,Market,FILL,filled,3,100.15,100.1495,1,1,HARNESS,DESKTOP-584MV4B
REQUEST,2025-08-23T03:40:24.7082423Z,1755920424708,ORD-30,100.3,100.25,,,,1,,,,ORD-30,Buy,BUY,Market,REQUEST,,,100.3,,1,,HARNESS,DESKTOP-584MV4B
ACK,2025-08-23T03:40:24.7089433Z,1755920424708,ORD-30,100.3,100.25,,,,1,,,,ORD-30,Buy,BUY,Market,ACK,,0,100.3,,1,,HARNESS,DESKTOP-584MV4B
FILL,2025-08-23T03:40:24.7092795Z,1755920424709,ORD-30,100.3,100.25,100.3005,,,1,1,0.0005000000000023874,filled,ORD-30,Buy,BUY,Market,FILL,filled,1,100.3,100.3005,1,1,HARNESS,DESKTOP-584MV4B
REQUEST,2025-08-23T03:40:24.9179816Z,1755920424917,ORD-45,100.45,,,,,1,,,,ORD-45,Sell,SELL,Market,REQUEST,,,100.45,,1,,HARNESS,DESKTOP-584MV4B
ACK,2025-08-23T03:40:24.9184310Z,1755920424918,ORD-45,100.45,,,,,1,,,,ORD-45,Sell,SELL,Market,ACK,,1,100.45,,1,,HARNESS,DESKTOP-584MV4B
FILL,2025-08-23T03:40:24.9187367Z,1755920424918,ORD-45,100.45,,100.4495,,,1,1,-0.0005000000000023874,filled,ORD-45,Sell,SELL,Market,FILL,filled,1,100.45,100.4495,1,1,HARNESS,DESKTOP-584MV4B
REQUEST,2025-08-23T03:40:25.1398325Z,1755920425139,ORD-60,100.6,100.55,,,,1,,,,ORD-60,Buy,BUY,Market,REQUEST,,,100.6,,1,,HARNESS,DESKTOP-584MV4B
ACK,2025-08-23T03:40:25.1405112Z,1755920425140,ORD-60,100.6,100.55,,,,1,,,,ORD-60,Buy,BUY,Market,ACK,,1,100.6,,1,,HARNESS,DESKTOP-584MV4B
FILL,2025-08-23T03:40:25.1410162Z,1755920425141,ORD-60,100.6,100.55,100.6005,,,1,1,0.0005000000000023874,filled,ORD-60,Buy,BUY,Market,FILL,filled,2,100.6,100.6005,1,1,HARNESS,DESKTOP-584MV4B
REQUEST,2025-08-23T03:40:25.3710440Z,1755920425371,ORD-75,100.75,,,,,1,,,,ORD-75,Sell,SELL,Market,REQUEST,,,100.75,,1,,HARNESS,DESKTOP-584MV4B
ACK,2025-08-23T03:40:25.3717756Z,1755920425371,ORD-75,100.75,,,,,1,,,,ORD-75,Sell,SELL,Market,ACK,,0,100.75,,1,,HARNESS,DESKTOP-584MV4B
FILL,2025-08-23T03:40:25.3722897Z,1755920425372,ORD-75,100.75,,100.7495,,,1,1,-0.0005000000000023874,filled,ORD-75,Sell,SELL,Market,FILL,filled,1,100.75,100.7495,1,1,HARNESS,DESKTOP-584MV4B
REQUEST,2025-08-23T03:40:25.6290513Z,1755920425629,ORD-90,100.9,100.85000000000001,,,,1,,,,ORD-90,Buy,BUY,Market,REQUEST,,,100.9,,1,,HARNESS,DESKTOP-584MV4B
ACK,2025-08-23T03:40:25.6295395Z,1755920425629,ORD-90,100.9,100.85000000000001,,,,1,,,,ORD-90,Buy,BUY,Market,ACK,,0,100.9,,1,,HARNESS,DESKTOP-584MV4B
FILL,2025-08-23T03:40:25.6298722Z,1755920425629,ORD-90,100.9,100.85000000000001,100.90050000000001,,,1,1,0.0005000000000023874,filled,ORD-90,Buy,BUY,Market,FILL,filled,0,100.9,100.90050000000001,1,1,HARNESS,DESKTOP-584MV4B
REQUEST,2025-08-23T03:40:25.8413292Z,1755920425841,ORD-105,101.05,,,,,1,,,,ORD-105,Sell,SELL,Market,REQUEST,,,101.05,,1,,HARNESS,DESKTOP-584MV4B
ACK,2025-08-23T03:40:25.8418777Z,1755920425841,ORD-105,101.05,,,,,1,,,,ORD-105,Sell,SELL,Market,ACK,,0,101.05,,1,,HARNESS,DESKTOP-584MV4B
FILL,2025-08-23T03:40:25.8421716Z,1755920425842,ORD-105,101.05,,101.0495,,,1,1,-0.0005000000000023874,filled,ORD-105,Sell,SELL,Market,FILL,filled,1,101.05,101.0495,1,1,HARNESS,DESKTOP-584MV4B
REQUEST,2025-08-23T03:40:26.0815726Z,1755920426081,ORD-120,101.2,101.15,,,,1,,,,ORD-120,Buy,BUY,Market,REQUEST,,,101.2,,1,,HARNESS,DESKTOP-584MV4B
ACK,2025-08-23T03:40:26.0822974Z,1755920426082,ORD-120,101.2,101.15,,,,1,,,,ORD-120,Buy,BUY,Market,ACK,,1,101.2,,1,,HARNESS,DESKTOP-584MV4B
FILL,2025-08-23T03:40:26.0826142Z,1755920426082,ORD-120,101.2,101.15,101.2005,,,1,1,0.0005000000000023874,filled,ORD-120,Buy,BUY,Market,FILL,filled,1,101.2,101.2005,1,1,HARNESS,DESKTOP-584MV4B
REQUEST,2025-08-23T03:40:26.3114572Z,1755920426311,ORD-135,101.35,,,,,1,,,,ORD-135,Sell,SELL,Market,REQUEST,,,101.35,,1,,HARNESS,DESKTOP-584MV4B
ACK,2025-08-23T03:40:26.3118587Z,1755920426311,ORD-135,101.35,,,,,1,,,,ORD-135,Sell,SELL,Market,ACK,,0,101.35,,1,,HARNESS,DESKTOP-584MV4B
FILL,2025-08-23T03:40:26.3120843Z,1755920426312,ORD-135,101.35,,101.34949999999999,,,1,1,-0.0005000000000023874,filled,ORD-135,Sell,SELL,Market,FILL,filled,1,101.35,101.34949999999999,1,1,HARNESS,DESKTOP-584MV4B
REQUEST,2025-08-23T03:40:26.5328675Z,1755920426532,ORD-150,101.5,101.45,,,,1,,,,ORD-150,Buy,BUY,Market,REQUEST,,,101.5,,1,,HARNESS,DESKTOP-584MV4B
ACK,2025-08-23T03:40:26.5335934Z,1755920426533,ORD-150,101.5,101.45,,,,1,,,,ORD-150,Buy,BUY,Market,ACK,,1,101.5,,1,,HARNESS,DESKTOP-584MV4B
FILL,2025-08-23T03:40:26.5340971Z,1755920426534,ORD-150,101.5,101.45,101.5005,,,1,1,0.0005000000000023874,filled,ORD-150,Buy,BUY,Market,FILL,filled,2,101.5,101.5005,1,1,HARNESS,DESKTOP-584MV4B
REQUEST,2025-08-23T03:40:26.7720620Z,1755920426772,ORD-165,101.65,,,,,1,,,,ORD-165,Sell,SELL,Market,REQUEST,,,101.65,,1,,HARNESS,DESKTOP-584MV4B
ACK,2025-08-23T03:40:26.7726888Z,1755920426772,ORD-165,101.65,,,,,1,,,,ORD-165,Sell,SELL,Market,ACK,,0,101.65,,1,,HARNESS,DESKTOP-584MV4B
FILL,2025-08-23T03:40:26.7730942Z,1755920426773,ORD-165,101.65,,101.6495,,,1,1,-0.0005000000000023874,filled,ORD-165,Sell,SELL,Market,FILL,filled,1,101.65,101.6495,1,1,HARNESS,DESKTOP-584MV4B
REQUEST,2025-08-23T03:40:27.0386577Z,1755920427038,ORD-180,101.8,101.75,,,,1,,,,ORD-180,Buy,BUY,Market,REQUEST,,,101.8,,1,,HARNESS,DESKTOP-584MV4B
ACK,2025-08-23T03:40:27.0393080Z,1755920427039,ORD-180,101.8,101.75,,,,1,,,,ORD-180,Buy,BUY,Market,ACK,,1,101.8,,1,,HARNESS,DESKTOP-584MV4B
FILL,2025-08-23T03:40:27.0396885Z,1755920427039,ORD-180,101.8,101.75,101.8005,,,1,1,0.0005000000000023874,filled,ORD-180,Buy,BUY,Market,FILL,filled,1,101.8,101.8005,1,1,HARNESS,DESKTOP-584MV4B
REQUEST,2025-08-23T03:40:27.2655803Z,1755920427265,ORD-195,101.95,,,,,1,,,,ORD-195,Sell,SELL,Market,REQUEST,,,101.95,,1,,HARNESS,DESKTOP-584MV4B
ACK,2025-08-23T03:40:27.2661875Z,1755920427266,ORD-195,101.95,,,,,1,,,,ORD-195,Sell,SELL,Market,ACK,,1,101.95,,1,,HARNESS,DESKTOP-584MV4B
FILL,2025-08-23T03:40:27.2665817Z,1755920427266,ORD-195,101.95,,101.9495,,,1,1,-0.0005000000000023874,filled,ORD-195,Sell,SELL,Market,FILL,filled,1,101.95,101.9495,1,1,HARNESS,DESKTOP-584MV4B
REQUEST,2025-08-23T03:40:27.5243530Z,1755920427524,ORD-210,102.1,102.05,,,,1,,,,ORD-210,Buy,BUY,Market,REQUEST,,,102.1,,1,,HARNESS,DESKTOP-584MV4B
ACK,2025-08-23T03:40:27.5249544Z,1755920427524,ORD-210,102.1,102.05,,,,1,,,,ORD-210,Buy,BUY,Market,ACK,,0,102.1,,1,,HARNESS,DESKTOP-584MV4B
FILL,2025-08-23T03:40:27.5253475Z,1755920427525,ORD-210,102.1,102.05,102.1005,,,1,1,0.0005000000000023874,filled,ORD-210,Buy,BUY,Market,FILL,filled,1,102.1,102.1005,1,1,HARNESS,DESKTOP-584MV4B
REQUEST,2025-08-23T03:40:27.7579420Z,1755920427757,ORD-225,102.25,,,,,1,,,,ORD-225,Sell,SELL,Market,REQUEST,,,102.25,,1,,HARNESS,DESKTOP-584MV4B
ACK,2025-08-23T03:40:27.7586687Z,1755920427758,ORD-225,102.25,,,,,1,,,,ORD-225,Sell,SELL,Market,ACK,,1,102.25,,1,,HARNESS,DESKTOP-584MV4B
FILL,2025-08-23T03:40:27.7591224Z,1755920427759,ORD-225,102.25,,102.2495,,,1,1,-0.0005000000000023874,filled,ORD-225,Sell,SELL,Market,FILL,filled,2,102.25,102.2495,1,1,HARNESS,DESKTOP-584MV4B
REQUEST,2025-08-23T03:40:28.0190280Z,1755920428019,ORD-240,102.4,102.35000000000001,,,,1,,,,ORD-240,Buy,BUY,Market,REQUEST,,,102.4,,1,,HARNESS,DESKTOP-584MV4B
ACK,2025-08-23T03:40:28.0196386Z,1755920428019,ORD-240,102.4,102.35000000000001,,,,1,,,,ORD-240,Buy,BUY,Market,ACK,,0,102.4,,1,,HARNESS,DESKTOP-584MV4B
FILL,2025-08-23T03:40:28.0201656Z,1755920428020,ORD-240,102.4,102.35000000000001,102.40050000000001,,,1,1,0.0005000000000023874,filled,ORD-240,Buy,BUY,Market,FILL,filled,1,102.4,102.40050000000001,1,1,HARNESS,DESKTOP-584MV4B
REQUEST,2025-08-23T03:40:28.2556719Z,1755920428255,ORD-255,102.55,,,,,1,,,,ORD-255,Sell,SELL,Market,REQUEST,,,102.55,,1,,HARNESS,DESKTOP-584MV4B
ACK,2025-08-23T03:40:28.2564647Z,1755920428256,ORD-255,102.55,,,,,1,,,,ORD-255,Sell,SELL,Market,ACK,,1,102.55,,1,,HARNESS,DESKTOP-584MV4B
FILL,2025-08-23T03:40:28.2570212Z,1755920428257,ORD-255,102.55,,102.5495,,,1,1,-0.0005000000000023874,filled,ORD-255,Sell,SELL,Market,FILL,filled,2,102.55,102.5495,1,1,HARNESS,DESKTOP-584MV4B
REQUEST,2025-08-23T03:40:28.5185213Z,1755920428518,ORD-270,102.7,102.65,,,,1,,,,ORD-270,Buy,BUY,Market,REQUEST,,,102.7,,1,,HARNESS,DESKTOP-584MV4B
ACK,2025-08-23T03:40:28.5193191Z,1755920428519,ORD-270,102.7,102.65,,,,1,,,,ORD-270,Buy,BUY,Market,ACK,,1,102.7,,1,,HARNESS,DESKTOP-584MV4B
FILL,2025-08-23T03:40:28.5197272Z,1755920428519,ORD-270,102.7,102.65,102.7005,,,1,1,0.0005000000000023874,filled,ORD-270,Buy,BUY,Market,FILL,filled,1,102.7,102.7005,1,1,HARNESS,DESKTOP-584MV4B
REQUEST,2025-08-23T03:40:28.7578523Z,1755920428757,ORD-285,102.85,,,,,1,,,,ORD-285,Sell,SELL,Market,REQUEST,,,102.85,,1,,HARNESS,DESKTOP-584MV4B
ACK,2025-08-23T03:40:28.7584630Z,1755920428758,ORD-285,102.85,,,,,1,,,,ORD-285,Sell,SELL,Market,ACK,,1,102.85,,1,,HARNESS,DESKTOP-584MV4B
FILL,2025-08-23T03:40:28.7588801Z,1755920428758,ORD-285,102.85,,102.84949999999999,,,1,1,-0.0005000000000023874,filled,ORD-285,Sell,SELL,Market,FILL,filled,1,102.85,102.84949999999999,1,1,HARNESS,DESKTOP-584MV4B
REQUEST,2025-08-23T03:40:29.0217717Z,1755920429021,ORD-300,103,102.95,,,,1,,,,ORD-300,Buy,BUY,Market,REQUEST,,,103,,1,,HARNESS,DESKTOP-584MV4B
ACK,2025-08-23T03:40:29.0225951Z,1755920429022,ORD-300,103,102.95,,,,1,,,,ORD-300,Buy,BUY,Market,ACK,,1,103,,1,,HARNESS,DESKTOP-584MV4B
FILL,2025-08-23T03:40:29.0233587Z,1755920429023,ORD-300,103,102.95,103.0005,,,1,1,0.0005000000000023874,filled,ORD-300,Buy,BUY,Market,FILL,filled,2,103,103.0005,1,1,HARNESS,DESKTOP-584MV4B
REQUEST,2025-08-23T03:40:29.2587155Z,1755920429258,ORD-315,103.15,,,,,1,,,,ORD-315,Sell,SELL,Market,REQUEST,,,103.15,,1,,HARNESS,DESKTOP-584MV4B
ACK,2025-08-23T03:40:29.2594928Z,1755920429259,ORD-315,103.15,,,,,1,,,,ORD-315,Sell,SELL,Market,ACK,,1,103.15,,1,,HARNESS,DESKTOP-584MV4B
FILL,2025-08-23T03:40:29.2599490Z,1755920429259,ORD-315,103.15,,103.1495,,,1,1,-0.0005000000000023874,filled,ORD-315,Sell,SELL,Market,FILL,filled,1,103.15,103.1495,1,1,HARNESS,DESKTOP-584MV4B
REQUEST,2025-08-23T03:40:29.4948718Z,1755920429494,ORD-330,103.3,103.25,,,,1,,,,ORD-330,Buy,BUY,Market,REQUEST,,,103.3,,1,,HARNESS,DESKTOP-584MV4B
ACK,2025-08-23T03:40:29.4956197Z,1755920429495,ORD-330,103.3,103.25,,,,1,,,,ORD-330,Buy,BUY,Market,ACK,,1,103.3,,1,,HARNESS,DESKTOP-584MV4B
FILL,2025-08-23T03:40:29.4961876Z,1755920429496,ORD-330,103.3,103.25,103.3005,,,1,1,0.0005000000000023874,filled,ORD-330,Buy,BUY,Market,FILL,filled,2,103.3,103.3005,1,1,HARNESS,DESKTOP-584MV4B
REQUEST,2025-08-23T03:40:29.7296766Z,1755920429729,ORD-345,103.45,,,,,1,,,,ORD-345,Sell,SELL,Market,REQUEST,,,103.45,,1,,HARNESS,DESKTOP-584MV4B
ACK,2025-08-23T03:40:29.7302929Z,1755920429730,ORD-345,103.45,,,,,1,,,,ORD-345,Sell,SELL,Market,ACK,,1,103.45,,1,,HARNESS,DESKTOP-584MV4B
FILL,2025-08-23T03:40:29.7307021Z,1755920429730,ORD-345,103.45,,103.4495,,,1,1,-0.0005000000000023874,filled,ORD-345,Sell,SELL,Market,FILL,filled,1,103.45,103.4495,1,1,HARNESS,DESKTOP-584MV4B
REQUEST,2025-08-23T03:40:29.9846594Z,1755920429984,ORD-360,103.6,103.55,,,,1,,,,ORD-360,Buy,BUY,Market,REQUEST,,,103.6,,1,,HARNESS,DESKTOP-584MV4B
ACK,2025-08-23T03:40:29.9854234Z,1755920429985,ORD-360,103.6,103.55,,,,1,,,,ORD-360,Buy,BUY,Market,ACK,,1,103.6,,1,,HARNESS,DESKTOP-584MV4B
FILL,2025-08-23T03:40:29.9858177Z,1755920429985,ORD-360,103.6,103.55,103.6005,,,1,1,0.0005000000000023874,filled,ORD-360,Buy,BUY,Market,FILL,filled,1,103.6,103.6005,1,1,HARNESS,DESKTOP-584MV4B
REQUEST,2025-08-23T03:40:30.2015682Z,1755920430201,ORD-375,103.75,,,,,1,,,,ORD-375,Sell,SELL,Market,REQUEST,,,103.75,,1,,HARNESS,DESKTOP-584MV4B
ACK,2025-08-23T03:40:30.2023310Z,1755920430202,ORD-375,103.75,,,,,1,,,,ORD-375,Sell,SELL,Market,ACK,,1,103.75,,1,,HARNESS,DESKTOP-584MV4B
FILL,2025-08-23T03:40:30.2027331Z,1755920430202,ORD-375,103.75,,103.7495,,,1,1,-0.0005000000000023874,filled,ORD-375,Sell,SELL,Market,FILL,filled,1,103.75,103.7495,1,1,HARNESS,DESKTOP-584MV4B
REQUEST,2025-08-23T03:40:30.4405565Z,1755920430440,ORD-390,103.9,103.85000000000001,,,,1,,,,ORD-390,Buy,BUY,Market,REQUEST,,,103.9,,1,,HARNESS,DESKTOP-584MV4B
ACK,2025-08-23T03:40:30.4431717Z,1755920430443,ORD-390,103.9,103.85000000000001,,,,1,,,,ORD-390,Buy,BUY,Market,ACK,,3,103.9,,1,,HARNESS,DESKTOP-584MV4B
FILL,2025-08-23T03:40:30.4436112Z,1755920430443,ORD-390,103.9,103.85000000000001,103.90050000000001,,,1,1,0.0005000000000023874,filled,ORD-390,Buy,BUY,Market,FILL,filled,3,103.9,103.90050000000001,1,1,HARNESS,DESKTOP-584MV4B
REQUEST,2025-08-23T03:40:30.6680190Z,1755920430668,ORD-405,104.05,,,,,1,,,,ORD-405,Sell,SELL,Market,REQUEST,,,104.05,,1,,HARNESS,DESKTOP-584MV4B
ACK,2025-08-23T03:40:30.6692259Z,1755920430669,ORD-405,104.05,,,,,1,,,,ORD-405,Sell,SELL,Market,ACK,,1,104.05,,1,,HARNESS,DESKTOP-584MV4B
FILL,2025-08-23T03:40:30.6696996Z,1755920430669,ORD-405,104.05,,104.0495,,,1,1,-0.0005000000000023874,filled,ORD-405,Sell,SELL,Market,FILL,filled,1,104.05,104.0495,1,1,HARNESS,DESKTOP-584MV4B
REQUEST,2025-08-23T03:40:30.9383660Z,1755920430938,ORD-420,104.2,104.15,,,,1,,,,ORD-420,Buy,BUY,Market,REQUEST,,,104.2,,1,,HARNESS,DESKTOP-584MV4B
ACK,2025-08-23T03:40:30.9392673Z,1755920430939,ORD-420,104.2,104.15,,,,1,,,,ORD-420,Buy,BUY,Market,ACK,,1,104.2,,1,,HARNESS,DESKTOP-584MV4B
FILL,2025-08-23T03:40:30.9398278Z,1755920430939,ORD-420,104.2,104.15,104.2005,,,1,1,0.0005000000000023874,filled,ORD-420,Buy,BUY,Market,FILL,filled,1,104.2,104.2005,1,1,HARNESS,DESKTOP-584MV4B
REQUEST,2025-08-23T03:40:31.1632256Z,1755920431163,ORD-435,104.35,,,,,1,,,,ORD-435,Sell,SELL,Market,REQUEST,,,104.35,,1,,HARNESS,DESKTOP-584MV4B
ACK,2025-08-23T03:40:31.1639827Z,1755920431163,ORD-435,104.35,,,,,1,,,,ORD-435,Sell,SELL,Market,ACK,,0,104.35,,1,,HARNESS,DESKTOP-584MV4B
FILL,2025-08-23T03:40:31.1645144Z,1755920431164,ORD-435,104.35,,104.34949999999999,,,1,1,-0.0005000000000023874,filled,ORD-435,Sell,SELL,Market,FILL,filled,1,104.35,104.34949999999999,1,1,HARNESS,DESKTOP-584MV4B
