{
  "start_time_iso": "2025-08-24T06:00:44.9232053Z",
  "run_id": "0237536a-4173-4d40-8721-06c9f924d732",
  "start_time": "2025-08-24T06:00:44.9285873Z",
  "git_sha": "21937fc1ea4dd5088d7a54a802ee05a637e6485d",
  "DrainSeconds": 30,
  "SecondsPerHour": 300,
  "host": "DESKTOP-584MV4B",
  "FillProbability": 0.9,
  "git_commit": "21937fc1ea4dd5088d7a54a802ee05a637e6485d",
  "sim_seed": 42,
  "GracefulShutdownWaitSeconds": 5,
  "artifact_path": "C:\\Users\\TechCare\\AppData\\Local\\Temp\\botg_artifacts_orchestrator_compressed_20250824_130043\\telemetry_run_20250824_130044",
  "config_snapshot": {
    "simulation": {
      "fill_probability": 0.9,
      "enabled": true
    },
    "config_path": "",
    "drain_seconds": 30,
    "execution": {
      "fee_per_trade": 0,
      "fee_percent": 0,
      "spread_pips": 0
    },
    "seconds_per_hour": 300
  },
  "extra": {
    "sim_seed": 42,
    "seconds": null,
    "seconds_per_hour": 300,
    "drain_seconds": 30,
    "graceful_shutdown_wait_seconds": 5,
    "use_simulation": true,
    "fill_probability": 0.9
  }
}