{
    "host":  "DESKTOP-584MV4B",
    "artifact_path":  ".\\artifacts_ascii\\telemetry_run_20250822_201525",
    "start_time_iso":  "2025-08-22T13:15:26.0446522Z",
    "config_snapshot":  {
                            "config_path":  "",
                            "simulation":  {
                                               "fill_probability":  1
                                           }
                        },
    "git_commit":  "966df128b61980c199225199f3bade0dc2744e72",
    "run_id":  "4980e820-2919-471e-841f-c704967bde6b"
}