{
    "host":  "DESKTOP-584MV4B",
    "artifact_path":  ".\\artifacts_ascii\\telemetry_run_20250823_093811",
    "start_time_iso":  "2025-08-23T02:38:11.5397296Z",
    "config_snapshot":  {
                            "simulation":  {
                                               "fill_probability":  1
                                           },
                            "config_path":  "",
                            "execution":  {
                                              "fee_per_trade":  0,
                                              "fee_percent":  0,
                                              "spread_pips":  0
                                          }
                        },
    "git_commit":  "131927052f2cfcc8a5879694f528e312bde409cf",
    "run_id":  "6123c1ce-bc66-445e-bb9b-840f69624d05"
}