{
    "host":  "DESKTOP-584MV4B",
    "artifact_path":  ".\\artifacts_ascii\\telemetry_run_20250823_104329",
    "start_time_iso":  "2025-08-23T03:43:29.9440354Z",
    "config_snapshot":  {
                            "simulation":  {
                                               "fill_probability":  1
                                           },
                            "config_path":  "",
                            "execution":  {
                                              "fee_per_trade":  0,
                                              "fee_percent":  0,
                                              "spread_pips":  0
                                          }
                        },
    "git_commit":  "8c6bbc669578aefdadc994b113d9523d0dfb4645",
    "run_id":  "f19256d7-f5ba-4efd-81e1-652f58c8968e"
}