﻿{
    "files":  [
                  {
                      "mtime":  "2025-09-01T05:19:18.8104257Z",
                      "path":  ".\\path_issues\\monitor_snapshots\\20250901_122716\\orders.csv",
                      "name":  "orders.csv",
                      "size":  265727
                  },
                  {
                      "mtime":  "2025-09-01T05:19:17.5702486Z",
                      "path":  ".\\path_issues\\monitor_snapshots\\20250901_122716\\telemetry.csv",
                      "name":  "telemetry.csv",
                      "size":  3182
                  },
                  {
                      "mtime":  "2025-09-01T05:19:18.5811487Z",
                      "path":  ".\\path_issues\\monitor_snapshots\\20250901_122716\\trade_closes.log",
                      "name":  "trade_closes.log",
                      "size":  23156
                  },
                  {
                      "mtime":  "2025-09-01T05:19:18.5811487Z",
                      "path":  ".\\path_issues\\monitor_snapshots\\20250901_122716\\closed_trades_fifo.csv",
                      "name":  "closed_trades_fifo.csv",
                      "size":  45781
                  },
                  {
                      "mtime":  "2025-09-01T05:19:19.6039472Z",
                      "path":  ".\\path_issues\\monitor_snapshots\\20250901_122716\\summary.json",
                      "name":  "summary.json",
                      "size":  1323
                  },
                  {
                      "mtime":  "2025-09-01T05:17:18.3729588Z",
                      "path":  ".\\path_issues\\monitor_snapshots\\20250901_122716\\build.log",
                      "name":  "build.log",
                      "size":  1578
                  },
                  {
                      "mtime":  "2025-09-01T05:17:21.5476152Z",
                      "path":  ".\\path_issues\\monitor_snapshots\\20250901_122716\\risk_snapshots.csv",
                      "name":  "risk_snapshots.csv",
                      "size":  70
                  }
              ],
    "timestamp":  "2025-09-01T05:27:17.0697820Z",
    "total_files":  7,
    "total_size":  null,
    "snapshot_dir":  ".\\path_issues\\monitor_snapshots\\20250901_122716",
    "source_run":  "D:\\OneDrive\\Tài liệu\\cAlgo\\Sources\\Robots\\BotG\\artifacts\\telemetry_run_20250901_121715"
}
