phase,timestamp_iso,epoch_ms,orderId,intendedPrice,stopLoss,execPrice,theoretical_lots,theoretical_units,requestedVolume,filledSize,slippage,brokerMsg,client_order_id,side,action,type,status,reason,latency_ms,price_requested,price_filled,size_requested,size_filled,session,host
REQUEST,2025-08-23T02:37:33.0451961Z,1755916653045,ORD-0,100,99.95,,,,1,,,,ORD-0,Buy,BUY,Market,REQUEST,,,100,,1,,HARNESS,DESKTOP-584MV4B
ACK,2025-08-23T02:37:33.0475201Z,1755916653047,ORD-0,100,99.95,,,,1,,,,ORD-0,Buy,BUY,Market,ACK,,2,100,,1,,HARNESS,DESKTOP-584MV4B
FILL,2025-08-23T02:37:33.0483871Z,1755916653048,ORD-0,100,99.95,100.0005,,,1,1,0.0005000000000023874,filled,ORD-0,Buy,BUY,Market,FILL,filled,3,100,100.0005,1,1,HARNESS,DESKTOP-584MV4B
REQUEST,2025-08-23T02:37:33.2836089Z,1755916653283,ORD-15,100.15,,,,,1,,,,ORD-15,Sell,SELL,Market,REQUEST,,,100.15,,1,,HARNESS,DESKTOP-584MV4B
ACK,2025-08-23T02:37:33.2841903Z,1755916653284,ORD-15,100.15,,,,,1,,,,ORD-15,Sell,SELL,Market,ACK,,1,100.15,,1,,HARNESS,DESKTOP-584MV4B
FILL,2025-08-23T02:37:33.2844284Z,1755916653284,ORD-15,100.15,,100.1495,,,1,1,-0.0005000000000023874,filled,ORD-15,Sell,SELL,Market,FILL,filled,1,100.15,100.1495,1,1,HARNESS,DESKTOP-584MV4B
REQUEST,2025-08-23T02:37:33.5323839Z,1755916653532,ORD-30,100.3,100.25,,,,1,,,,ORD-30,Buy,BUY,Market,REQUEST,,,100.3,,1,,HARNESS,DESKTOP-584MV4B
ACK,2025-08-23T02:37:33.5329528Z,1755916653532,ORD-30,100.3,100.25,,,,1,,,,ORD-30,Buy,BUY,Market,ACK,,0,100.3,,1,,HARNESS,DESKTOP-584MV4B
FILL,2025-08-23T02:37:33.5332193Z,1755916653533,ORD-30,100.3,100.25,100.3005,,,1,1,0.0005000000000023874,filled,ORD-30,Buy,BUY,Market,FILL,filled,1,100.3,100.3005,1,1,HARNESS,DESKTOP-584MV4B
REQUEST,2025-08-23T02:37:33.7344192Z,1755916653734,ORD-45,100.45,,,,,1,,,,ORD-45,Sell,SELL,Market,REQUEST,,,100.45,,1,,HARNESS,DESKTOP-584MV4B
ACK,2025-08-23T02:37:33.7347097Z,1755916653734,ORD-45,100.45,,,,,1,,,,ORD-45,Sell,SELL,Market,ACK,,0,100.45,,1,,HARNESS,DESKTOP-584MV4B
FILL,2025-08-23T02:37:33.7348868Z,1755916653734,ORD-45,100.45,,100.4495,,,1,1,-0.0005000000000023874,filled,ORD-45,Sell,SELL,Market,FILL,filled,0,100.45,100.4495,1,1,HARNESS,DESKTOP-584MV4B
REQUEST,2025-08-23T02:37:33.9834671Z,1755916653983,ORD-60,100.6,100.55,,,,1,,,,ORD-60,Buy,BUY,Market,REQUEST,,,100.6,,1,,HARNESS,DESKTOP-584MV4B
ACK,2025-08-23T02:37:33.9852316Z,1755916653985,ORD-60,100.6,100.55,,,,1,,,,ORD-60,Buy,BUY,Market,ACK,,2,100.6,,1,,HARNESS,DESKTOP-584MV4B
FILL,2025-08-23T02:37:33.9853638Z,1755916653985,ORD-60,100.6,100.55,100.6005,,,1,1,0.0005000000000023874,filled,ORD-60,Buy,BUY,Market,FILL,filled,2,100.6,100.6005,1,1,HARNESS,DESKTOP-584MV4B
REQUEST,2025-08-23T02:37:34.2173349Z,1755916654217,ORD-75,100.75,,,,,1,,,,ORD-75,Sell,SELL,Market,REQUEST,,,100.75,,1,,HARNESS,DESKTOP-584MV4B
ACK,2025-08-23T02:37:34.2177448Z,1755916654217,ORD-75,100.75,,,,,1,,,,ORD-75,Sell,SELL,Market,ACK,,0,100.75,,1,,HARNESS,DESKTOP-584MV4B
FILL,2025-08-23T02:37:34.2178875Z,1755916654217,ORD-75,100.75,,100.7495,,,1,1,-0.0005000000000023874,filled,ORD-75,Sell,SELL,Market,FILL,filled,0,100.75,100.7495,1,1,HARNESS,DESKTOP-584MV4B
REQUEST,2025-08-23T02:37:34.4502257Z,1755916654450,ORD-90,100.9,100.85000000000001,,,,1,,,,ORD-90,Buy,BUY,Market,REQUEST,,,100.9,,1,,HARNESS,DESKTOP-584MV4B
ACK,2025-08-23T02:37:34.4505346Z,1755916654450,ORD-90,100.9,100.85000000000001,,,,1,,,,ORD-90,Buy,BUY,Market,ACK,,0,100.9,,1,,HARNESS,DESKTOP-584MV4B
FILL,2025-08-23T02:37:34.4506454Z,1755916654450,ORD-90,100.9,100.85000000000001,100.90050000000001,,,1,1,0.0005000000000023874,filled,ORD-90,Buy,BUY,Market,FILL,filled,0,100.9,100.90050000000001,1,1,HARNESS,DESKTOP-584MV4B
REQUEST,2025-08-23T02:37:34.6943357Z,1755916654694,ORD-105,101.05,,,,,1,,,,ORD-105,Sell,SELL,Market,REQUEST,,,101.05,,1,,HARNESS,DESKTOP-584MV4B
ACK,2025-08-23T02:37:34.6945637Z,1755916654694,ORD-105,101.05,,,,,1,,,,ORD-105,Sell,SELL,Market,ACK,,0,101.05,,1,,HARNESS,DESKTOP-584MV4B
FILL,2025-08-23T02:37:34.6946601Z,1755916654694,ORD-105,101.05,,101.0495,,,1,1,-0.0005000000000023874,filled,ORD-105,Sell,SELL,Market,FILL,filled,0,101.05,101.0495,1,1,HARNESS,DESKTOP-584MV4B
REQUEST,2025-08-23T02:37:34.9336817Z,1755916654933,ORD-120,101.2,101.15,,,,1,,,,ORD-120,Buy,BUY,Market,REQUEST,,,101.2,,1,,HARNESS,DESKTOP-584MV4B
ACK,2025-08-23T02:37:34.9341313Z,1755916654934,ORD-120,101.2,101.15,,,,1,,,,ORD-120,Buy,BUY,Market,ACK,,1,101.2,,1,,HARNESS,DESKTOP-584MV4B
FILL,2025-08-23T02:37:34.9343162Z,1755916654934,ORD-120,101.2,101.15,101.2005,,,1,1,0.0005000000000023874,filled,ORD-120,Buy,BUY,Market,FILL,filled,1,101.2,101.2005,1,1,HARNESS,DESKTOP-584MV4B
REQUEST,2025-08-23T02:37:35.2160939Z,1755916655216,ORD-135,101.35,,,,,1,,,,ORD-135,Sell,SELL,Market,REQUEST,,,101.35,,1,,HARNESS,DESKTOP-584MV4B
ACK,2025-08-23T02:37:35.2163796Z,1755916655216,ORD-135,101.35,,,,,1,,,,ORD-135,Sell,SELL,Market,ACK,,0,101.35,,1,,HARNESS,DESKTOP-584MV4B
FILL,2025-08-23T02:37:35.2165337Z,1755916655216,ORD-135,101.35,,101.34949999999999,,,1,1,-0.0005000000000023874,filled,ORD-135,Sell,SELL,Market,FILL,filled,0,101.35,101.34949999999999,1,1,HARNESS,DESKTOP-584MV4B
REQUEST,2025-08-23T02:37:35.4514226Z,1755916655451,ORD-150,101.5,101.45,,,,1,,,,ORD-150,Buy,BUY,Market,REQUEST,,,101.5,,1,,HARNESS,DESKTOP-584MV4B
ACK,2025-08-23T02:37:35.4518246Z,1755916655451,ORD-150,101.5,101.45,,,,1,,,,ORD-150,Buy,BUY,Market,ACK,,0,101.5,,1,,HARNESS,DESKTOP-584MV4B
FILL,2025-08-23T02:37:35.4519619Z,1755916655451,ORD-150,101.5,101.45,101.5005,,,1,1,0.0005000000000023874,filled,ORD-150,Buy,BUY,Market,FILL,filled,0,101.5,101.5005,1,1,HARNESS,DESKTOP-584MV4B
REQUEST,2025-08-23T02:37:35.6811118Z,1755916655681,ORD-165,101.65,,,,,1,,,,ORD-165,Sell,SELL,Market,REQUEST,,,101.65,,1,,HARNESS,DESKTOP-584MV4B
ACK,2025-08-23T02:37:35.6814000Z,1755916655681,ORD-165,101.65,,,,,1,,,,ORD-165,Sell,SELL,Market,ACK,,0,101.65,,1,,HARNESS,DESKTOP-584MV4B
FILL,2025-08-23T02:37:35.6815460Z,1755916655681,ORD-165,101.65,,101.6495,,,1,1,-0.0005000000000023874,filled,ORD-165,Sell,SELL,Market,FILL,filled,0,101.65,101.6495,1,1,HARNESS,DESKTOP-584MV4B
REQUEST,2025-08-23T02:37:35.9177411Z,1755916655917,ORD-180,101.8,101.75,,,,1,,,,ORD-180,Buy,BUY,Market,REQUEST,,,101.8,,1,,HARNESS,DESKTOP-584MV4B
ACK,2025-08-23T02:37:35.9179654Z,1755916655917,ORD-180,101.8,101.75,,,,1,,,,ORD-180,Buy,BUY,Market,ACK,,0,101.8,,1,,HARNESS,DESKTOP-584MV4B
FILL,2025-08-23T02:37:35.9180858Z,1755916655918,ORD-180,101.8,101.75,101.8005,,,1,1,0.0005000000000023874,filled,ORD-180,Buy,BUY,Market,FILL,filled,1,101.8,101.8005,1,1,HARNESS,DESKTOP-584MV4B
REQUEST,2025-08-23T02:37:36.1682175Z,1755916656168,ORD-195,101.95,,,,,1,,,,ORD-195,Sell,SELL,Market,REQUEST,,,101.95,,1,,HARNESS,DESKTOP-584MV4B
ACK,2025-08-23T02:37:36.1685105Z,1755916656168,ORD-195,101.95,,,,,1,,,,ORD-195,Sell,SELL,Market,ACK,,0,101.95,,1,,HARNESS,DESKTOP-584MV4B
FILL,2025-08-23T02:37:36.1686431Z,1755916656168,ORD-195,101.95,,101.9495,,,1,1,-0.0005000000000023874,filled,ORD-195,Sell,SELL,Market,FILL,filled,0,101.95,101.9495,1,1,HARNESS,DESKTOP-584MV4B
REQUEST,2025-08-23T02:37:36.4028781Z,1755916656402,ORD-210,102.1,102.05,,,,1,,,,ORD-210,Buy,BUY,Market,REQUEST,,,102.1,,1,,HARNESS,DESKTOP-584MV4B
ACK,2025-08-23T02:37:36.4034239Z,1755916656403,ORD-210,102.1,102.05,,,,1,,,,ORD-210,Buy,BUY,Market,ACK,,1,102.1,,1,,HARNESS,DESKTOP-584MV4B
FILL,2025-08-23T02:37:36.4037064Z,1755916656403,ORD-210,102.1,102.05,102.1005,,,1,1,0.0005000000000023874,filled,ORD-210,Buy,BUY,Market,FILL,filled,1,102.1,102.1005,1,1,HARNESS,DESKTOP-584MV4B
REQUEST,2025-08-23T02:37:36.6340454Z,1755916656634,ORD-225,102.25,,,,,1,,,,ORD-225,Sell,SELL,Market,REQUEST,,,102.25,,1,,HARNESS,DESKTOP-584MV4B
ACK,2025-08-23T02:37:36.6346386Z,1755916656634,ORD-225,102.25,,,,,1,,,,ORD-225,Sell,SELL,Market,ACK,,0,102.25,,1,,HARNESS,DESKTOP-584MV4B
FILL,2025-08-23T02:37:36.6349250Z,1755916656634,ORD-225,102.25,,102.2495,,,1,1,-0.0005000000000023874,filled,ORD-225,Sell,SELL,Market,FILL,filled,0,102.25,102.2495,1,1,HARNESS,DESKTOP-584MV4B
REQUEST,2025-08-23T02:37:36.8690866Z,1755916656869,ORD-240,102.4,102.35000000000001,,,,1,,,,ORD-240,Buy,BUY,Market,REQUEST,,,102.4,,1,,HARNESS,DESKTOP-584MV4B
ACK,2025-08-23T02:37:36.8694998Z,1755916656869,ORD-240,102.4,102.35000000000001,,,,1,,,,ORD-240,Buy,BUY,Market,ACK,,0,102.4,,1,,HARNESS,DESKTOP-584MV4B
FILL,2025-08-23T02:37:36.8697204Z,1755916656869,ORD-240,102.4,102.35000000000001,102.40050000000001,,,1,1,0.0005000000000023874,filled,ORD-240,Buy,BUY,Market,FILL,filled,0,102.4,102.40050000000001,1,1,HARNESS,DESKTOP-584MV4B
REQUEST,2025-08-23T02:37:37.0857477Z,1755916657085,ORD-255,102.55,,,,,1,,,,ORD-255,Sell,SELL,Market,REQUEST,,,102.55,,1,,HARNESS,DESKTOP-584MV4B
ACK,2025-08-23T02:37:37.0862649Z,1755916657086,ORD-255,102.55,,,,,1,,,,ORD-255,Sell,SELL,Market,ACK,,1,102.55,,1,,HARNESS,DESKTOP-584MV4B
FILL,2025-08-23T02:37:37.0865731Z,1755916657086,ORD-255,102.55,,102.5495,,,1,1,-0.0005000000000023874,filled,ORD-255,Sell,SELL,Market,FILL,filled,1,102.55,102.5495,1,1,HARNESS,DESKTOP-584MV4B
REQUEST,2025-08-23T02:37:37.3317966Z,1755916657331,ORD-270,102.7,102.65,,,,1,,,,ORD-270,Buy,BUY,Market,REQUEST,,,102.7,,1,,HARNESS,DESKTOP-584MV4B
ACK,2025-08-23T02:37:37.3324448Z,1755916657332,ORD-270,102.7,102.65,,,,1,,,,ORD-270,Buy,BUY,Market,ACK,,1,102.7,,1,,HARNESS,DESKTOP-584MV4B
FILL,2025-08-23T02:37:37.3327290Z,1755916657332,ORD-270,102.7,102.65,102.7005,,,1,1,0.0005000000000023874,filled,ORD-270,Buy,BUY,Market,FILL,filled,1,102.7,102.7005,1,1,HARNESS,DESKTOP-584MV4B
REQUEST,2025-08-23T02:37:37.5635328Z,1755916657563,ORD-285,102.85,,,,,1,,,,ORD-285,Sell,SELL,Market,REQUEST,,,102.85,,1,,HARNESS,DESKTOP-584MV4B
ACK,2025-08-23T02:37:37.5638653Z,1755916657563,ORD-285,102.85,,,,,1,,,,ORD-285,Sell,SELL,Market,ACK,,0,102.85,,1,,HARNESS,DESKTOP-584MV4B
FILL,2025-08-23T02:37:37.5640581Z,1755916657564,ORD-285,102.85,,102.84949999999999,,,1,1,-0.0005000000000023874,filled,ORD-285,Sell,SELL,Market,FILL,filled,1,102.85,102.84949999999999,1,1,HARNESS,DESKTOP-584MV4B
REQUEST,2025-08-23T02:37:37.7883271Z,1755916657788,ORD-300,103,102.95,,,,1,,,,ORD-300,Buy,BUY,Market,REQUEST,,,103,,1,,HARNESS,DESKTOP-584MV4B
ACK,2025-08-23T02:37:37.7889673Z,1755916657788,ORD-300,103,102.95,,,,1,,,,ORD-300,Buy,BUY,Market,ACK,,0,103,,1,,HARNESS,DESKTOP-584MV4B
FILL,2025-08-23T02:37:37.7892545Z,1755916657789,ORD-300,103,102.95,103.0005,,,1,1,0.0005000000000023874,filled,ORD-300,Buy,BUY,Market,FILL,filled,1,103,103.0005,1,1,HARNESS,DESKTOP-584MV4B
REQUEST,2025-08-23T02:37:38.0367446Z,1755916658036,ORD-315,103.15,,,,,1,,,,ORD-315,Sell,SELL,Market,REQUEST,,,103.15,,1,,HARNESS,DESKTOP-584MV4B
ACK,2025-08-23T02:37:38.0373931Z,1755916658037,ORD-315,103.15,,,,,1,,,,ORD-315,Sell,SELL,Market,ACK,,1,103.15,,1,,HARNESS,DESKTOP-584MV4B
FILL,2025-08-23T02:37:38.0377719Z,1755916658037,ORD-315,103.15,,103.1495,,,1,1,-0.0005000000000023874,filled,ORD-315,Sell,SELL,Market,FILL,filled,1,103.15,103.1495,1,1,HARNESS,DESKTOP-584MV4B
REQUEST,2025-08-23T02:37:38.2852174Z,1755916658285,ORD-330,103.3,103.25,,,,1,,,,ORD-330,Buy,BUY,Market,REQUEST,,,103.3,,1,,HARNESS,DESKTOP-584MV4B
ACK,2025-08-23T02:37:38.2858313Z,1755916658285,ORD-330,103.3,103.25,,,,1,,,,ORD-330,Buy,BUY,Market,ACK,,0,103.3,,1,,HARNESS,DESKTOP-584MV4B
FILL,2025-08-23T02:37:38.2861609Z,1755916658286,ORD-330,103.3,103.25,103.3005,,,1,1,0.0005000000000023874,filled,ORD-330,Buy,BUY,Market,FILL,filled,1,103.3,103.3005,1,1,HARNESS,DESKTOP-584MV4B
REQUEST,2025-08-23T02:37:38.5207839Z,1755916658520,ORD-345,103.45,,,,,1,,,,ORD-345,Sell,SELL,Market,REQUEST,,,103.45,,1,,HARNESS,DESKTOP-584MV4B
ACK,2025-08-23T02:37:38.5213068Z,1755916658521,ORD-345,103.45,,,,,1,,,,ORD-345,Sell,SELL,Market,ACK,,1,103.45,,1,,HARNESS,DESKTOP-584MV4B
FILL,2025-08-23T02:37:38.5215672Z,1755916658521,ORD-345,103.45,,103.4495,,,1,1,-0.0005000000000023874,filled,ORD-345,Sell,SELL,Market,FILL,filled,1,103.45,103.4495,1,1,HARNESS,DESKTOP-584MV4B
REQUEST,2025-08-23T02:37:38.7049216Z,1755916658704,ORD-360,103.6,103.55,,,,1,,,,ORD-360,Buy,BUY,Market,REQUEST,,,103.6,,1,,HARNESS,DESKTOP-584MV4B
ACK,2025-08-23T02:37:38.7052250Z,1755916658705,ORD-360,103.6,103.55,,,,1,,,,ORD-360,Buy,BUY,Market,ACK,,1,103.6,,1,,HARNESS,DESKTOP-584MV4B
FILL,2025-08-23T02:37:38.7053401Z,1755916658705,ORD-360,103.6,103.55,103.6005,,,1,1,0.0005000000000023874,filled,ORD-360,Buy,BUY,Market,FILL,filled,1,103.6,103.6005,1,1,HARNESS,DESKTOP-584MV4B
REQUEST,2025-08-23T02:37:38.9527275Z,1755916658952,ORD-375,103.75,,,,,1,,,,ORD-375,Sell,SELL,Market,REQUEST,,,103.75,,1,,HARNESS,DESKTOP-584MV4B
ACK,2025-08-23T02:37:38.9532371Z,1755916658953,ORD-375,103.75,,,,,1,,,,ORD-375,Sell,SELL,Market,ACK,,1,103.75,,1,,HARNESS,DESKTOP-584MV4B
FILL,2025-08-23T02:37:38.9534969Z,1755916658953,ORD-375,103.75,,103.7495,,,1,1,-0.0005000000000023874,filled,ORD-375,Sell,SELL,Market,FILL,filled,1,103.75,103.7495,1,1,HARNESS,DESKTOP-584MV4B
REQUEST,2025-08-23T02:37:39.1711093Z,1755916659171,ORD-390,103.9,103.85000000000001,,,,1,,,,ORD-390,Buy,BUY,Market,REQUEST,,,103.9,,1,,HARNESS,DESKTOP-584MV4B
ACK,2025-08-23T02:37:39.1714395Z,1755916659171,ORD-390,103.9,103.85000000000001,,,,1,,,,ORD-390,Buy,BUY,Market,ACK,,0,103.9,,1,,HARNESS,DESKTOP-584MV4B
FILL,2025-08-23T02:37:39.1715929Z,1755916659171,ORD-390,103.9,103.85000000000001,103.90050000000001,,,1,1,0.0005000000000023874,filled,ORD-390,Buy,BUY,Market,FILL,filled,0,103.9,103.90050000000001,1,1,HARNESS,DESKTOP-584MV4B
REQUEST,2025-08-23T02:37:39.4051750Z,1755916659405,ORD-405,104.05,,,,,1,,,,ORD-405,Sell,SELL,Market,REQUEST,,,104.05,,1,,HARNESS,DESKTOP-584MV4B
ACK,2025-08-23T02:37:39.4057515Z,1755916659405,ORD-405,104.05,,,,,1,,,,ORD-405,Sell,SELL,Market,ACK,,0,104.05,,1,,HARNESS,DESKTOP-584MV4B
FILL,2025-08-23T02:37:39.4060672Z,1755916659406,ORD-405,104.05,,104.0495,,,1,1,-0.0005000000000023874,filled,ORD-405,Sell,SELL,Market,FILL,filled,1,104.05,104.0495,1,1,HARNESS,DESKTOP-584MV4B
REQUEST,2025-08-23T02:37:39.6047192Z,1755916659604,ORD-420,104.2,104.15,,,,1,,,,ORD-420,Buy,BUY,Market,REQUEST,,,104.2,,1,,HARNESS,DESKTOP-584MV4B
ACK,2025-08-23T02:37:39.6052637Z,1755916659605,ORD-420,104.2,104.15,,,,1,,,,ORD-420,Buy,BUY,Market,ACK,,1,104.2,,1,,HARNESS,DESKTOP-584MV4B
FILL,2025-08-23T02:37:39.6054903Z,1755916659605,ORD-420,104.2,104.15,104.2005,,,1,1,0.0005000000000023874,filled,ORD-420,Buy,BUY,Market,FILL,filled,1,104.2,104.2005,1,1,HARNESS,DESKTOP-584MV4B
REQUEST,2025-08-23T02:37:39.8106501Z,1755916659810,ORD-435,104.35,,,,,1,,,,ORD-435,Sell,SELL,Market,REQUEST,,,104.35,,1,,HARNESS,DESKTOP-584MV4B
ACK,2025-08-23T02:37:39.8112136Z,1755916659811,ORD-435,104.35,,,,,1,,,,ORD-435,Sell,SELL,Market,ACK,,1,104.35,,1,,HARNESS,DESKTOP-584MV4B
FILL,2025-08-23T02:37:39.8114921Z,1755916659811,ORD-435,104.35,,104.34949999999999,,,1,1,-0.0005000000000023874,filled,ORD-435,Sell,SELL,Market,FILL,filled,1,104.35,104.34949999999999,1,1,HARNESS,DESKTOP-584MV4B
REQUEST,2025-08-23T02:37:40.0237809Z,1755916660023,ORD-450,104.5,104.45,,,,1,,,,ORD-450,Buy,BUY,Market,REQUEST,,,104.5,,1,,HARNESS,DESKTOP-584MV4B
ACK,2025-08-23T02:37:40.0244215Z,1755916660024,ORD-450,104.5,104.45,,,,1,,,,ORD-450,Buy,BUY,Market,ACK,,1,104.5,,1,,HARNESS,DESKTOP-584MV4B
FILL,2025-08-23T02:37:40.0247240Z,1755916660024,ORD-450,104.5,104.45,104.5005,,,1,1,0.0005000000000023874,filled,ORD-450,Buy,BUY,Market,FILL,filled,1,104.5,104.5005,1,1,HARNESS,DESKTOP-584MV4B
REQUEST,2025-08-23T02:37:40.2452438Z,1755916660245,ORD-465,104.65,,,,,1,,,,ORD-465,Sell,SELL,Market,REQUEST,,,104.65,,1,,HARNESS,DESKTOP-584MV4B
ACK,2025-08-23T02:37:40.2459002Z,1755916660245,ORD-465,104.65,,,,,1,,,,ORD-465,Sell,SELL,Market,ACK,,0,104.65,,1,,HARNESS,DESKTOP-584MV4B
FILL,2025-08-23T02:37:40.2462242Z,1755916660246,ORD-465,104.65,,104.6495,,,1,1,-0.0005000000000023874,filled,ORD-465,Sell,SELL,Market,FILL,filled,1,104.65,104.6495,1,1,HARNESS,DESKTOP-584MV4B
REQUEST,2025-08-23T02:37:40.4765023Z,1755916660476,ORD-480,104.8,104.75,,,,1,,,,ORD-480,Buy,BUY,Market,REQUEST,,,104.8,,1,,HARNESS,DESKTOP-584MV4B
ACK,2025-08-23T02:37:40.4767575Z,1755916660476,ORD-480,104.8,104.75,,,,1,,,,ORD-480,Buy,BUY,Market,ACK,,0,104.8,,1,,HARNESS,DESKTOP-584MV4B
FILL,2025-08-23T02:37:40.4768591Z,1755916660476,ORD-480,104.8,104.75,104.8005,,,1,1,0.0005000000000023874,filled,ORD-480,Buy,BUY,Market,FILL,filled,0,104.8,104.8005,1,1,HARNESS,DESKTOP-584MV4B
REQUEST,2025-08-23T02:37:40.7061624Z,1755916660706,ORD-495,104.95,,,,,1,,,,ORD-495,Sell,SELL,Market,REQUEST,,,104.95,,1,,HARNESS,DESKTOP-584MV4B
ACK,2025-08-23T02:37:40.7068341Z,1755916660706,ORD-495,104.95,,,,,1,,,,ORD-495,Sell,SELL,Market,ACK,,0,104.95,,1,,HARNESS,DESKTOP-584MV4B
FILL,2025-08-23T02:37:40.7071513Z,1755916660707,ORD-495,104.95,,104.9495,,,1,1,-0.0005000000000023874,filled,ORD-495,Sell,SELL,Market,FILL,filled,1,104.95,104.9495,1,1,HARNESS,DESKTOP-584MV4B
