{
  "run_id": "telemetry_run_20250830_031836",
  "start_time_iso": "2025-08-30T03:18:36.8400434Z",
  "host": "DESKTOP-584MV4B",
  "git_commit": "",
  "config_snapshot": {
    "simulation": {
      "enabled": true,
      "fill_probability": 1,
      "simulate_partial_fills": false
    },
    "execution": {
      "fee_per_trade": 0,
      "fee_percent": 0,
      "spread_pips": 0
    },
    "log_path": "D:\\OneDrive\\Ta\u0300i li\u00EA\u0323u\\cAlgo\\Sources\\Robots\\BotG\\artifacts\\telemetry_run_20250830_101830",
    "hours": 1,
    "seconds_per_hour": 300,
    "drain_seconds": 30,
    "graceful_shutdown_wait_seconds": 5
  },
  "log_paths": {
    "run": "D:\\OneDrive\\Ta\u0300i li\u00EA\u0323u\\cAlgo\\Sources\\Robots\\BotG\\artifacts\\telemetry_run_20250830_101830\\artifacts\\telemetry_run_20250830_031836",
    "base_log": "D:\\OneDrive\\Ta\u0300i li\u00EA\u0323u\\cAlgo\\Sources\\Robots\\BotG\\artifacts\\telemetry_run_20250830_101830"
  },
  "extra": {
    "sim_seed": 42,
    "seconds": null,
    "seconds_per_hour": 300,
    "drain_seconds": 30,
    "graceful_shutdown_wait_seconds": 5,
    "use_simulation": true,
    "fill_probability": 1
  }
}