{
  "start_time_iso": "2025-08-24T06:40:03.0780942Z",
  "run_id": "85343039-c513-4419-80ee-daad895d59f5",
  "start_time": "2025-08-24T06:40:03.0780942Z",
  "git_sha": "21937fc1ea4dd5088d7a54a802ee05a637e6485d",
  "DrainSeconds": 60,
  "SecondsPerHour": 3600,
  "host": "DESKTOP-584MV4B",
  "FillProbability": 0.9,
  "git_commit": "21937fc1ea4dd5088d7a54a802ee05a637e6485d",
  "sim_seed": 42,
  "GracefulShutdownWaitSeconds": 10,
  "artifact_path": "C:\\Users\\TechCare\\AppData\\Local\\Temp\\botg_artifacts_orchestrator_realtime_sample_20250824_134001\\telemetry_run_20250824_134003",
  "config_snapshot": {
    "simulation": {
      "fill_probability": 0.9,
      "enabled": true
    },
    "config_path": "",
    "drain_seconds": 60,
    "execution": {
      "fee_per_trade": 0,
      "fee_percent": 0,
      "spread_pips": 0
    },
    "seconds_per_hour": 3600
  },
  "extra": {
    "sim_seed": 42,
    "seconds": null,
    "seconds_per_hour": 300,
    "drain_seconds": 30,
    "graceful_shutdown_wait_seconds": 5,
    "use_simulation": true,
    "fill_probability": 0.9
  }
}