{
  "start_time_iso": "2025-09-20T03:22:36.9454706Z",
  "run_id": "d1eb5c53-6a93-4afb-a0fd-e404d1be7760",
  "start_time": "2025-09-20T03:22:36.9481520Z",
  "git_sha": "67098ce9aebe47fe0b0217f134e2767f7261c145",
  "DrainSeconds": 10,
  "SecondsPerHour": 300,
  "host": "DESKTOP-584MV4B",
  "FillProbability": 1,
  "git_commit": "67098ce9aebe47fe0b0217f134e2767f7261c145",
  "sim_seed": 42,
  "GracefulShutdownWaitSeconds": 5,
  "artifact_path": "D:\\botg\\logs\\telemetry_run_20250920_102236",
  "config_snapshot": {
    "simulation": {
      "fill_probability": 1,
      "enabled": true
    },
    "config_path": "",
    "drain_seconds": 10,
    "execution": {
      "fee_per_trade": 0,
      "fee_percent": 0,
      "spread_pips": 0
    },
    "seconds_per_hour": 300
  },
  "extra": {
    "sim_seed": 42,
    "seconds": null,
    "seconds_per_hour": 300,
    "drain_seconds": 30,
    "graceful_shutdown_wait_seconds": 5,
    "use_simulation": true,
    "fill_probability": 1
  },
  "drain_metrics": {
    "pending_requests_before_drain": 1,
    "pending_after_drain": 0
  }
}