{
  "start_time_iso": "2025-08-27T13:03:36.1334094Z",
  "run_id": "e976eda6-d4b5-4f79-ac1d-3d2a15db6136",
  "start_time": "2025-08-27T13:03:36.1491711Z",
  "git_sha": "e98c39329af64d1178a57cc8eda3298b33e0a33a",
  "DrainSeconds": 10,
  "SecondsPerHour": 300,
  "host": "DESKTOP-584MV4B",
  "FillProbability": 1,
  "git_commit": "e98c39329af64d1178a57cc8eda3298b33e0a33a",
  "sim_seed": 42,
  "GracefulShutdownWaitSeconds": 5,
  "artifact_path": "D:\\botg\\logs\\artifacts\\telemetry_run_20250827_200336",
  "config_snapshot": {
    "simulation": {
      "fill_probability": 1,
      "enabled": true
    },
    "config_path": "",
    "drain_seconds": 10,
    "execution": {
      "fee_per_trade": 0,
      "fee_percent": 0,
      "spread_pips": 0
    },
    "seconds_per_hour": 300
  },
  "extra": {
    "sim_seed": 42,
    "seconds": null,
    "seconds_per_hour": 300,
    "drain_seconds": 30,
    "graceful_shutdown_wait_seconds": 5,
    "use_simulation": true,
    "fill_probability": 1
  }
}