{
  "run_id": "telemetry_run_20250919_095302",
  "start_time_iso": "2025-09-19T09:53:02.7750515Z",
  "host": "DESKTOP-584MV4B",
  "git_commit": "",
  "config_snapshot": {
    "simulation": {
      "enabled": true,
      "fill_probability": 1,
      "simulate_partial_fills": false
    },
    "execution": {
      "fee_per_trade": 0,
      "fee_percent": 0,
      "spread_pips": 0
    },
    "log_path": "D:\\botg\\logs",
    "hours": 1,
    "seconds_per_hour": 300,
    "drain_seconds": 30,
    "graceful_shutdown_wait_seconds": 5
  },
  "log_paths": {
    "run": "D:\\botg\\logs\\artifacts\\telemetry_run_20250919_095302",
    "base_log": "D:\\botg\\logs"
  },
  "extra": null
}