{
  "run_id": "telemetry_run_20250824_142949",
  "start_time_iso": "2025-08-24T14:29:49.5695541Z",
  "host": "DESKTOP-584MV4B",
  "git_commit": "",
  "config_snapshot": {
    "simulation": {
      "enabled": true,
      "fill_probability": 1,
      "simulate_partial_fills": false
    },
    "execution": {
      "fee_per_trade": 0,
      "fee_percent": 0,
      "spread_pips": 0
    },
    "log_path": "D:\\botg\\logs",
    "hours": 1,
    "seconds_per_hour": 300,
    "drain_seconds": 30,
    "graceful_shutdown_wait_seconds": 5
  },
  "log_paths": {
    "run": "D:\\botg\\logs\\artifacts\\telemetry_run_20250824_142949",
    "base_log": "D:\\botg\\logs"
  },
  "extra": {
    "sim_seed": 42,
    "seconds": null,
    "seconds_per_hour": 300,
    "drain_seconds": 30,
    "graceful_shutdown_wait_seconds": 5,
    "use_simulation": true,
    "fill_probability": 1
  },
  "drain_metrics": {
    "pending_requests_before_drain": 1,
    "pending_after_drain": 0
  }
}