{
    "request_count":  1228,
    "fill_count":  1107,
    "closed_trades_count":  551,
    "orphan_fills_count":  5,
    "orphan_closes_count":  0,
    "sample_orphan_fills":  [
                                "ORD-18300",
                                "ORD-18330",
                                "ORD-18270",
                                "ORD-18390",
                                "ORD-18360"
                            ],
    "sample_orphan_closes":  {

                             }
}